<rss version="2.0">
<form>
<title>(U)HNW Individual Banking Account</title>
<url>/noam/onboarding/products/lfg_hnw/Individual_AO_Banking.htm</url>
<categories>
<category type="product">Banking - Consumer</category>
<category type="account">Individual/Joint</category>
<category type="business">(U)HNW</category>
</categories>
</form>
<form>
<title>LFG Individual Banking Account (NW3-5)</title>
<url>/noam/onboarding/products/lfg_hnw/Individual_AO_Banking.htm</url>
<categories>
<category type="product">Banking - Consumer</category>
<category type="account">Individual/Joint</category>
<category type="business">LFG-PSG (NW3-5)</category>
</categories>
</form>
<form>
<title>LFG Individual Banking Account (Retail)</title>
<url>/noam/onboarding/products/lfg_hnw/Individual_AO_Banking.htm</url>
<categories>
<category type="product">Banking - Consumer</category>
<category type="account">Individual/Joint</category>
<category type="business">LFG-PSG (Retail)</category>
</categories>
</form>
<form>
<title>(U)HNW Individual Custodial Account</title>
<url>/noam/onboarding/products/lfg_hnw/Individual_Custodial_AO_Banking.htm</url>
<categories>
<category type="product">Banking - Consumer</category>
<category type="account">Custodial</category>
<category type="business">(U)HNW</category>
</categories>
</form>
<form>
<title>LFG Individual Custodial Account (NW3-5)</title>
<url>/noam/onboarding/products/lfg_hnw/Individual_Custodial_AO_Banking.htm</url>
<categories>
<category type="product">Banking - Consumer</category>
<category type="account">Custodial</category>
<category type="business">LFG-PSG (NW3-5)</category>
</categories>
</form>
<form>
<title>LFG Individual Custodial Account (Retail)</title>
<url>/noam/onboarding/products/lfg_hnw/Individual_Custodial_AO_Banking.htm</url>
<categories>
<category type="product">Banking - Consumer</category>
<category type="account">Custodial</category>
<category type="business">LFG-PSG (Retail)</category>
</categories>
</form>
<form>
<title>Banking - Joint Minor HNW</title>
<url>/noam/onboarding/products/lfg_hnw/Individual_Joint_Minor_AO_Banking.htm</url>
<categories>
<category type="product">Banking - Consumer</category>
<category type="account">Joint Minor</category>
<category type="business">(U)HNW</category>
</categories>
</form>
<form>
<title>Banking - Joint Minor Retail</title>
<url>/noam/onboarding/products/lfg_hnw/Individual_Joint_Minor_AO_Banking.htm</url>
<categories>
<category type="product">Banking - Consumer</category>
<category type="account">Joint Minor</category>
<category type="business">LFG-PSG (NW3-5)</category>
</categories>
</form>
<form>
<title>Banking - Joint Minor NW5</title>
<url>/noam/onboarding/products/lfg_hnw/Individual_Joint_Minor_AO_Banking.htm</url>
<categories>
<category type="product">Banking - Consumer</category>
<category type="account">Joint Minor</category>
<category type="business">LFG-PSG (Retail)</category>
</categories>
</form>
<form>
<title>(U)HNW Trust Banking Account</title>
<url>/noam/onboarding/products/lfg_hnw/Trust_AO_Banking.htm</url>
<categories>
<category type="product">Banking - Consumer</category>
<category type="account">Trust</category>
<category type="business">(U)HNW</category>
</categories>
</form>
<form>
<title>LFG Trust Banking Account</title>
<url>/noam/onboarding/products/lfg_hnw/Trust_AO_Banking.htm</url>
<categories>
<category type="product">Banking - Consumer</category>
<category type="account">Trust</category>
<category type="business">LFG-PSG (NW3-5)</category>
</categories>
</form>
<form>
<title>LFG Trust Banking Account</title>
<url>/noam/onboarding/products/lfg_hnw/Trust_AO_Banking.htm</url>
<categories>
<category type="product">Banking - Consumer</category>
<category type="account">Trust</category>
<category type="business">LFG-PSG (Retail)</category>
</categories>
</form>
<form>
<title>(U)HNW Estate Banking Account</title>
<url>/noam/onboarding/products/lfg_hnw/Estate_AO_Banking.htm</url>
<categories>
<category type="product">Banking - Consumer</category>
<category type="account">Estate</category>
<category type="business">(U)HNW</category>
</categories>
</form>
<form>
<title>LFG Estate Banking Account</title>
<url>/noam/onboarding/products/lfg_hnw/Estate_AO_Banking.htm</url>
<categories>
<category type="product">Banking - Consumer</category>
<category type="account">Estate</category>
<category type="business">LFG-PSG (NW3-5)</category>
</categories>
</form>
<form>
<title>(U)HNW Individual Banking Account</title>
<url>/noam/onboarding/products/canada/Individual_AO_Banking_Canada.htm</url>
<categories>
<category type="product">Banking - Consumer</category>
<category type="account">Individual/Joint</category>
<category type="business">Canada Only</category>
</categories>
</form>
<form>
<title>LFG Estate Banking Account</title>
<url>/noam/onboarding/products/lfg_hnw/Estate_AO_Banking.htm</url>
<categories>
<category type="product">Banking - Consumer</category>
<category type="account">Estate</category>
<category type="business">LFG-PSG (Retail)</category>
</categories>
</form>
<form>
<title>(U)HNW Corporation Banking Account</title>
<url>/noam/onboarding/products/lfg_hnw/Entity_ALL_AO_Banking_CheckingSaving.htm</url>
<categories>
<category type="product">Banking - Business</category>
<category type="account">Corporation</category>
<category type="business">Checking/Savings</category>
</categories>
</form>
<form>
<title>LFG-PSG Corporation Banking Account</title>
<url>/noam/onboarding/products/lfg_hnw/Entity_ALL_AO_Banking_CB_CheckingPlus.htm</url>
<categories>
<category type="product">Banking - Business</category>
<category type="account">Corporation</category>
<category type="business">CitiBusiness Checking Plus</category>
</categories>
</form>
<form>
<title>(U)HNW Corporation Banking Account</title>
<url>/noam/onboarding/products/lfg/LFG_Entity_ALL_AO_CitiEscrow.htm</url>
<categories>
<category type="product">Banking - Business</category>
<category type="account">Corporation</category>
<category type="business">CitiEscrow (LFG Firms Only)</category>
</categories>
</form>
<form>
<title>LFG-PSG Corporation Banking Account</title>
<url>/noam/onboarding/products/hnw/HNW_Entity_ALL_AO_Banking_DAA.htm</url>
<categories>
<category type="product">Banking - Business</category>
<category type="account">Corporation</category>
<category type="business">Deposit Administrator Account (U-HNW Only)</category>
</categories>
</form>
<form>
<title>LFG-PSG Corporation Banking Account</title>
<url>/noam/onboarding/products/lfg_hnw/Entity_ALL_AO_Banking_SDA.htm</url>
<categories>
<category type="product">Banking - Business</category>
<category type="account">Corporation</category>
<category type="business">Security Deposit Account</category>
</categories>
</form>
<form>
<title></title>
<url>/noam/onboarding/products/lfg_hnw/Entity_MMDP_AO_Banking.htm</url>
<categories>
<category type="product">Banking - Business</category>
<category type="account">Corporation</category>
<category type="business">Minimum Maturity Deposit Product (MMDP)</category>
</categories>
</form>
<form>
<title>(U)HNW General Partnership Banking Account</title>
<url>/noam/onboarding/products/lfg_hnw/Entity_ALL_AO_Banking_CheckingSaving.htm</url>
<categories>
<category type="product">Banking - Business</category>
<category type="account">General Partnership</category>
<category type="business">Checking/Savings</category>
</categories>
</form>
<form>
<title>LFG-PSG General Partnership Banking Account</title>
<url>/noam/onboarding/products/lfg_hnw/Entity_ALL_AO_Banking_CB_CheckingPlus.htm</url>
<categories>
<category type="product">Banking - Business</category>
<category type="account">General Partnership</category>
<category type="business">CitiBusiness Checking Plus</category>
</categories>
</form>
<form>
<title>LFG-PSG General Partnership Banking Account</title>
<url>/noam/onboarding/products/hnw/HNW_Entity_ALL_AO_Banking_DAA.htm</url>
<categories>
<category type="product">Banking - Business</category>
<category type="account">General Partnership</category>
<category type="business">Deposit Administrator Account (U-HNW Only)</category>
</categories>
</form>
<form>
<title>(U)HNW General Partnership Banking Account</title>
<url>/noam/onboarding/products/lfg_hnw/Entity_ALL_AO_Banking_SDA.htm</url>
<categories>
<category type="product">Banking - Business</category>
<category type="account">General Partnership</category>
<category type="business">Security Deposit Account</category>
</categories>
</form>
<form>
<title></title>
<url>/noam/onboarding/products/lfg_hnw/Entity_MMDP_AO_Banking.htm</url>
<categories>
<category type="product">Banking - Business</category>
<category type="account">General Partnership</category>
<category type="business">Minimum Maturity Deposit Product (MMDP)</category>
</categories>
</form>
<form>
<title>(U)HNW Limited Partnership Banking Account</title>
<url>/noam/onboarding/products/lfg_hnw/Entity_ALL_AO_Banking_CheckingSaving.htm</url>
<categories>
<category type="product">Banking - Business</category>
<category type="account">Limited Partnership</category>
<category type="business">Checking/Savings</category>
</categories>
</form>
<form>
<title>LFG-PSG Limited Partnership Banking Account</title>
<url>/noam/onboarding/products/lfg_hnw/Entity_ALL_AO_Banking_CB_CheckingPlus.htm</url>
<categories>
<category type="product">Banking - Business</category>
<category type="account">Limited Partnership</category>
<category type="business">CitiBusiness Checking Plus</category>
</categories>
</form>
<form>
<title>(U)HNW Limited Partnership Banking Account</title>
<url>/noam/onboarding/products/lfg/LFG_Entity_ALL_AO_CitiEscrow.htm</url>
<categories>
<category type="product">Banking - Business</category>
<category type="account">Limited Partnership</category>
<category type="business">CitiEscrow (LFG Firms Only)</category>
</categories>
</form>
<form>
<title>LFG-PSG Limited Partnership Banking Account</title>
<url>/noam/onboarding/products/hnw/HNW_Entity_ALL_AO_Banking_DAA.htm</url>
<categories>
<category type="product">Banking - Business</category>
<category type="account">Limited Partnership</category>
<category type="business">Deposit Administrator Account (U-HNW Only)</category>
</categories>
</form>
<form>
<title>(U)HNW Limited Partnership Banking Account</title>
<url>/noam/onboarding/products/lfg_hnw/Entity_ALL_AO_Banking_SDA.htm</url>
<categories>
<category type="product">Banking - Business</category>
<category type="account">Limited Partnership</category>
<category type="business">Security Deposit Account</category>
</categories>
</form>
<form>
<title></title>
<url>/noam/onboarding/products/lfg_hnw/Entity_MMDP_AO_Banking.htm</url>
<categories>
<category type="product">Banking - Business</category>
<category type="account">Limited Partnership</category>
<category type="business">Minimum Maturity Deposit Product (MMDP)</category>
</categories>
</form>
<form>
<title>(U)HNW LLC Banking Account</title>
<url>/noam/onboarding/products/lfg_hnw/Entity_ALL_AO_Banking_CheckingSaving.htm</url>
<categories>
<category type="product">Banking - Business</category>
<category type="account">LLC</category>
<category type="business">Checking/Savings</category>
</categories>
</form>
<form>
<title>LFG-PSG LLC Banking Account</title>
<url>/noam/onboarding/products/lfg_hnw/Entity_ALL_AO_Banking_CB_CheckingPlus.htm</url>
<categories>
<category type="product">Banking - Business</category>
<category type="account">LLC</category>
<category type="business">CitiBusiness Checking Plus</category>
</categories>
</form>
<form>
<title>(U)HNW LLC Banking Account</title>
<url>/noam/onboarding/products/lfg/LFG_Entity_ALL_AO_CitiEscrow.htm</url>
<categories>
<category type="product">Banking - Business</category>
<category type="account">LLC</category>
<category type="business">CitiEscrow (LFG Firms Only)</category>
</categories>
</form>
<form>
<title>LFG-PSG LLC Banking Account</title>
<url>/noam/onboarding/products/hnw/HNW_Entity_ALL_AO_Banking_DAA.htm</url>
<categories>
<category type="product">Banking - Business</category>
<category type="account">LLC</category>
<category type="business">Deposit Administrator Account (U-HNW Only)</category>
</categories>
</form>
<form>
<title>(U)HNW LLC Banking Account</title>
<url>/noam/onboarding/products/lfg_hnw/Entity_ALL_AO_Banking_SDA.htm</url>
<categories>
<category type="product">Banking - Business</category>
<category type="account">LLC</category>
<category type="business">Security Deposit Account</category>
</categories>
</form>
<form>
<title></title>
<url>/noam/onboarding/products/lfg_hnw/Entity_MMDP_AO_Banking.htm</url>
<categories>
<category type="product">Banking - Business</category>
<category type="account">LLC</category>
<category type="business">Minimum Maturity Deposit Product (MMDP)</category>
</categories>
</form>
<form>
<title>(U)HNW Sole Proprietorship Banking Account</title>
<url>/noam/onboarding/products/lfg_hnw/Entity_ALL_AO_Banking_CheckingSaving.htm</url>
<categories>
<category type="product">Banking - Business</category>
<category type="account">Sole Proprietorship</category>
<category type="business">Checking/Savings</category>
</categories>
</form>
<form>
<title>LFG-PSG Sole Proprietorship Banking Account</title>
<url>/noam/onboarding/products/lfg_hnw/Entity_ALL_AO_Banking_CB_CheckingPlus.htm</url>
<categories>
<category type="product">Banking - Business</category>
<category type="account">Sole Proprietorship</category>
<category type="business">CitiBusiness Checking Plus</category>
</categories>
</form>
<form>
<title>LFG-PSG Sole Proprietorship Banking Account</title>
<url>/noam/onboarding/products/hnw/HNW_Entity_ALL_AO_Banking_DAA.htm</url>
<categories>
<category type="product">Banking - Business</category>
<category type="account">Sole Proprietorship</category>
<category type="business">Deposit Administrator Account (U-HNW Only)</category>
</categories>
</form>
<form>
<title>(U)HNW Sole Proprietorship Banking Account</title>
<url>/noam/onboarding/products/lfg_hnw/Entity_ALL_AO_Banking_SDA.htm</url>
<categories>
<category type="product">Banking - Business</category>
<category type="account">Sole Proprietorship</category>
<category type="business">Security Deposit Account</category>
</categories>
</form>
<form>
<title></title>
<url>/noam/onboarding/products/lfg_hnw/Entity_MMDP_AO_Banking.htm</url>
<categories>
<category type="product">Banking - Business</category>
<category type="account">Sole Proprietorship</category>
<category type="business">Minimum Maturity Deposit Product (MMDP)</category>
</categories>
</form>
<form>
<title></title>
<url>/noam/onboarding/products/lfg_hnw/Entity_ALL_AO_Banking_CheckingSaving.htm</url>
<categories>
<category type="product">Banking - Business</category>
<category type="account">Trust</category>
<category type="business">Checking/Savings</category>
</categories>
</form>
<form>
<title></title>
<url>/noam/onboarding/products/lfg_hnw/Entity_ALL_AO_Banking_CB_CheckingPlus.htm</url>
<categories>
<category type="product">Banking - Business</category>
<category type="account">Trust</category>
<category type="business">CitiBusiness Checking Plus</category>
</categories>
</form>
<form>
<title></title>
<url>/noam/onboarding/products/hnw/HNW_Entity_ALL_AO_Banking_DAA.htm</url>
<categories>
<category type="product">Banking - Business</category>
<category type="account">Trust</category>
<category type="business">Deposit Administrator Account (U-HNW Only)</category>
</categories>
</form>
<form>
<title></title>
<url>/noam/onboarding/products/lfg_hnw/Entity_ALL_AO_Banking_SDA.htm</url>
<categories>
<category type="product">Banking - Business</category>
<category type="account">Trust</category>
<category type="business">Security Deposit Account</category>
</categories>
</form>
<form>
<title></title>
<url>/noam/onboarding/products/lfg_hnw/Entity_MMDP_AO_Banking.htm</url>
<categories>
<category type="product">Banking - Business</category>
<category type="account">Trust</category>
<category type="business">Minimum Maturity Deposit Product (MMDP)</category>
</categories>
</form>
<form>
<title>(U)HNW Unicorporated Association Banking Account</title>
<url>/noam/onboarding/products/lfg_hnw/Entity_ALL_AO_Banking_CheckingSaving.htm</url>
<categories>
<category type="product">Banking - Business</category>
<category type="account">Unincorporated Association</category>
<category type="business">Checking/Savings</category>
</categories>
</form>
<form>
<title>LFG-PSG Unicorporated Association Banking Account</title>
<url>/noam/onboarding/products/lfg_hnw/Entity_ALL_AO_Banking_CB_CheckingPlus.htm</url>
<categories>
<category type="product">Banking - Business</category>
<category type="account">Unincorporated Association</category>
<category type="business">CitiBusiness Checking Plus</category>
</categories>
</form>
<form>
<title>LFG-PSG Unicorporated Association Banking Account</title>
<url>/noam/onboarding/products/hnw/HNW_Entity_ALL_AO_Banking_DAA.htm</url>
<categories>
<category type="product">Banking - Business</category>
<category type="account">Unincorporated Association</category>
<category type="business">Deposit Administrator Account (U-HNW Only)</category>
</categories>
</form>
<form>
<title>(U)HNW Unicorporated Association Banking Account</title>
<url>/noam/onboarding/products/lfg_hnw/Entity_ALL_AO_Banking_SDA.htm</url>
<categories>
<category type="product">Banking - Business</category>
<category type="account">Unincorporated Association</category>
<category type="business">Security Deposit Account</category>
</categories>
</form>
<form>
<title></title>
<url>/noam/onboarding/products/lfg_hnw/Entity_MMDP_AO_Banking.htm</url>
<categories>
<category type="product">Banking - Business</category>
<category type="account">Unincorporated Association</category>
<category type="business">Minimum Maturity Deposit Product (MMDP)</category>
</categories>
</form>
<form>
<title></title>
<url>/noam/onboarding/products/lfg_hnw/LFG_HNW_All_Business_Cards.htm</url>
<categories>
<category type="product">Banking - Business</category>
<category type="account">Corporation</category>
<category type="business">Business Cards</category>
</categories>
</form>
<form>
<title></title>
<url>/noam/onboarding/products/lfg_hnw/LFG_HNW_All_Business_Cards.htm</url>
<categories>
<category type="product">Banking - Business</category>
<category type="account">General Partnership</category>
<category type="business">Business Cards</category>
</categories>
</form>
<form>
<title></title>
<url>/noam/onboarding/products/lfg_hnw/LFG_HNW_All_Business_Cards.htm</url>
<categories>
<category type="product">Banking - Business</category>
<category type="account">Limited Partnership</category>
<category type="business">Business Cards</category>
</categories>
</form>
<form>
<title></title>
<url>/noam/onboarding/products/lfg_hnw/LFG_HNW_All_Business_Cards.htm</url>
<categories>
<category type="product">Banking - Business</category>
<category type="account">LLC</category>
<category type="business">Business Cards</category>
</categories>
</form>
<form>
<title></title>
<url>/noam/onboarding/products/lfg_hnw/LFG_HNW_All_Business_Cards.htm</url>
<categories>
<category type="product">Banking - Business</category>
<category type="account">Sole Proprietorship</category>
<category type="business">Business Cards</category>
</categories>
</form>
<form>
<title></title>
<url>/noam/onboarding/products/lfg_hnw/LFG_HNW_All_Business_Cards.htm</url>
<categories>
<category type="product">Banking - Business</category>
<category type="account">Unincorporated Association</category>
<category type="business">Business Cards</category>
</categories>
</form>
<form>
<title></title>
<url>/noam/onboarding/products/canada/Entity_AO_Banking_Canada.htm</url>
<categories>
<category type="product">Banking - Business</category>
<category type="account">Corporation</category>
<category type="business">Canada Only</category>
</categories>
</form>
<form>
<title></title>
<url>/noam/onboarding/products/canada/Entity_AO_Banking_Canada.htm</url>
<categories>
<category type="product">Banking - Business</category>
<category type="account">General Partnership</category>
<category type="business">Canada Only</category>
</categories>
</form>
<form>
<title></title>
<url>/noam/onboarding/products/canada/Entity_AO_Banking_Canada.htm</url>
<categories>
<category type="product">Banking - Business</category>
<category type="account">Limited Partnership</category>
<category type="business">Canada Only</category>
</categories>
</form>
<form>
<title></title>
<url>/noam/onboarding/products/canada/Entity_AO_Banking_Canada.htm</url>
<categories>
<category type="product">Banking - Business</category>
<category type="account">Trust</category>
<category type="business">Canada Only</category>
</categories>
</form>
<form>
<title>Brokerage - Individual Retail</title>
<url>/noam/onboarding/products/lfg_hnw/Individual_AO_Brokerage_Retail.htm</url>
<categories>
<category type="product">Brokerage</category>
<category type="account">Individual/Joint</category>
<category type="business">Retail / Cash</category>
</categories>
</form>
<form>
<title>Brokerage - Individual COD</title>
<url>/noam/onboarding/products/lfg_hnw/Individual_AO_Brokerage_COD.htm</url>
<categories>
<category type="product">Brokerage</category>
<category type="account">Individual/Joint</category>
<category type="business">DVP/RVP (COD)</category>
</categories>
</form>
<form>
<title>Brokerage - IRA</title>
<url>/noam/onboarding/products/lfg_hnw/Individual_IRA_AO_Brokerage_Retail.htm</url>
<categories>
<category type="product">Brokerage</category>
<category type="account">Individual Retirement Account</category>
<category type="business">Retail / Cash</category>
</categories>
</form>
<form>
<title>Brokerage - IRA COD</title>
<url>/noam/onboarding/products/lfg_hnw/Individual_IRA_AO_Brokerage_COD.htm</url>
<categories>
<category type="product">Brokerage</category>
<category type="account">Individual Retirement Account</category>
<category type="business">DVP/RVP (COD)</category>
</categories>
</form>
<form>
<title>Brokerage - Custodial</title>
<url>/noam/onboarding/products/lfg_hnw/Custodial_AO_Brokerage_Retail.htm</url>
<categories>
<category type="product">Brokerage</category>
<category type="account">Custodial (UTMA/UGMA)</category>
<category type="business">Retail</category>
</categories>
</form>
<form>
<title>Brokerage - Custodial COD</title>
<url>/noam/onboarding/products/lfg_hnw/Custodial_AO_Brokerage_COD.htm</url>
<categories>
<category type="product">Brokerage</category>
<category type="account">Custodial (UTMA/UGMA)</category>
<category type="business">COD (DVP/RVP)</category>
</categories>
</form>
<form>
<title>Brokerage - Trust</title>
<url>/noam/onboarding/products/lfg_hnw/Trust_AO_Brokerage_Retail.htm</url>
<categories>
<category type="product">Brokerage</category>
<category type="account">Trust</category>
<category type="business">Retail / Cash</category>
</categories>
</form>
<form>
<title>Brokerage - Trust COD</title>
<url>/noam/onboarding/products/lfg_hnw/Trust_AO_Brokerage_COD.htm</url>
<categories>
<category type="product">Brokerage</category>
<category type="account">Trust</category>
<category type="business">DVP/RVP (COD)</category>
</categories>
</form>
<form>
<title>Brokerage - Citi Trust COD</title>
<url>/noam/onboarding/products/lfg_hnw/CitiTrust_AO_Brokerage.htm</url>
<categories>
<category type="product">Brokerage</category>
<category type="account">Citi Trust</category>
<category type="business">DVP/RVP (COD)</category>
</categories>
</form>
<form>
<title>Brokerage - Estate</title>
<url>/noam/onboarding/products/lfg_hnw/Estate_AO_Brokerage_Retail.htm</url>
<categories>
<category type="product">Brokerage</category>
<category type="account">Estate</category>
<category type="business">Retail / Cash</category>
</categories>
</form>
<form>
<title>Brokerage - Estate COD</title>
<url>/noam/onboarding/products/lfg_hnw/Estate_AO_Brokerage_COD.htm</url>
<categories>
<category type="product">Brokerage</category>
<category type="account">Estate</category>
<category type="business">DVP/RVP (COD)</category>
</categories>
</form>
<form>
<title>Brokerage - Corporation</title>
<url>/noam/onboarding/products/lfg_hnw/Entity_Corporation_AO_Brokerage_Retail.htm</url>
<categories>
<category type="product">Brokerage</category>
<category type="account">Corporation/PIC</category>
<category type="business">Retail / Cash</category>
</categories>
</form>
<form>
<title>Brokerage - Corporation COD</title>
<url>/noam/onboarding/products/lfg_hnw/Entity_Corporation_AO_Brokerage_COD.htm</url>
<categories>
<category type="product">Brokerage</category>
<category type="account">Corporation/PIC</category>
<category type="business">DVP/RVP (COD)</category>
</categories>
</form>
<form>
<title>Brokerage - General Partnership</title>
<url>/noam/onboarding/products/lfg_hnw/Entity_General_Partnership_AO_Brokerage_Retail.htm</url>
<categories>
<category type="product">Brokerage</category>
<category type="account">General Partnership</category>
<category type="business">Retail / Cash</category>
</categories>
</form>
<form>
<title>Brokerage - General Partnership COD</title>
<url>/noam/onboarding/products/lfg_hnw/Entity_General_Partnership_AO_Brokerage_COD.htm</url>
<categories>
<category type="product">Brokerage</category>
<category type="account">General Partnership</category>
<category type="business">DVP/RVP (COD)</category>
</categories>
</form>
<form>
<title>Brokerage - Limited Partnership</title>
<url>/noam/onboarding/products/lfg_hnw/Entity_Limited_Partnership_AO_Brokerage_Retail.htm</url>
<categories>
<category type="product">Brokerage</category>
<category type="account">Limited Partnership</category>
<category type="business">Retail / Cash</category>
</categories>
</form>
<form>
<title>Brokerage - Limited Partnership COD</title>
<url>/noam/onboarding/products/lfg_hnw/Entity_Limited_Partnership_AO_Brokerage_COD.htm</url>
<categories>
<category type="product">Brokerage</category>
<category type="account">Limited Partnership</category>
<category type="business">DVP/RVP (COD)</category>
</categories>
</form>
<form>
<title>Brokerage - LLC</title>
<url>/noam/onboarding/products/lfg_hnw/Entity_LLC_AO_Brokerage_Retail.htm</url>
<categories>
<category type="product">Brokerage</category>
<category type="account">LLC</category>
<category type="business">Retail / Cash</category>
</categories>
</form>
<form>
<title>Brokerage - LLC COD</title>
<url>/noam/onboarding/products/lfg_hnw/Entity_LLC_AO_Brokerage_COD.htm</url>
<categories>
<category type="product">Brokerage</category>
<category type="account">LLC</category>
<category type="business">DVP/RVP (COD)</category>
</categories>
</form>
<form>
<title>Brokerage - Sole Proprietorship</title>
<url>/noam/onboarding/products/lfg_hnw/Entity_Sole_Proprietorship_AO_Brokerage_Retail.htm</url>
<categories>
<category type="product">Brokerage</category>
<category type="account">Sole Proprietorship</category>
<category type="business">Retail / Cash</category>
</categories>
</form>
<form>
<title>Brokerage - Sole Proprietorship COD</title>
<url>/noam/onboarding/products/lfg_hnw/Entity_Sole_Proprietorship_AO_Brokerage_COD.htm</url>
<categories>
<category type="product">Brokerage</category>
<category type="account">Sole Proprietorship</category>
<category type="business">DVP/RVP (COD)</category>
</categories>
</form>
<form>
<title>Brokerage - Unincorporated Association</title>
<url>/noam/onboarding/products/lfg_hnw/Entity_Unincorporated_Association_AO_Brokerage_Retail.htm</url>
<categories>
<category type="product">Brokerage</category>
<category type="account">Unincorporated Association</category>
<category type="business">Retail / Cash</category>
</categories>
</form>
<form>
<title>Brokerage - Unincorporated Association COD</title>
<url>/noam/onboarding/products/lfg_hnw/Entity_Unincorporated_Association_AO_Brokerage_COD.htm</url>
<categories>
<category type="product">Brokerage</category>
<category type="account">Unincorporated Association</category>
<category type="business">DVP/RVP (COD)</category>
</categories>
</form>
<form>
<title>Brokerage - ERISA</title>
<url>/noam/onboarding/products/lfg_hnw/Entity_ERISA_AO_Brokerage_Retail.htm</url>
<categories>
<category type="product">Brokerage</category>
<category type="account">ERISA</category>
<category type="business">Retail / Cash</category>
</categories>
</form>
<form>
<title>CAA - Individual</title>
<url>/noam/onboarding/products/lfg_hnw/LFG_HNW_Individual_AO_CAA.htm</url>
<categories>
<category type="product">Citi Advisor Agreement</category>
<category type="account">Individual/Joint</category>
<category type="business">ALL</category>
</categories>
</form>
<form>
<title>CAA - IRA</title>
<url>/noam/onboarding/products/lfg_hnw/LFG_HNW_Individual_AO_IRA_CAA.htm</url>
<categories>
<category type="product">Citi Advisor Agreement</category>
<category type="account">Individual Retirement Account</category>
<category type="business">ALL</category>
</categories>
</form>
<form>
<title>CAA - Trust</title>
<url>/noam/onboarding/products/lfg_hnw/LFG_HNW_Trust_AO_CAA.htm</url>
<categories>
<category type="product">Citi Advisor Agreement</category>
<category type="account">Trust</category>
<category type="business">ALL</category>
</categories>
</form>
<form>
<title>CAA - Estate</title>
<url>/noam/onboarding/products/lfg_hnw/LFG_HNW_Estate_AO_CAA.htm</url>
<categories>
<category type="product">Citi Advisor Agreement</category>
<category type="account">Estate</category>
<category type="business">ALL</category>
</categories>
</form>
<form>
<title>CAA - Corporation</title>
<url>/noam/onboarding/products/lfg_hnw/LFG_HNW_Entity_AO_CAA.htm</url>
<categories>
<category type="product">Citi Advisor Agreement</category>
<category type="account">Corporation</category>
<category type="business">ALL</category>
</categories>
</form>
<form>
<title>CAA - General Partnership</title>
<url>/noam/onboarding/products/lfg_hnw/LFG_HNW_Entity_AO_CAA.htm</url>
<categories>
<category type="product">Citi Advisor Agreement</category>
<category type="account">General Partnership</category>
<category type="business">ALL</category>
</categories>
</form>
<form>
<title>CAA - Limited Partnership</title>
<url>/noam/onboarding/products/lfg_hnw/LFG_HNW_Entity_AO_CAA.htm</url>
<categories>
<category type="product">Citi Advisor Agreement</category>
<category type="account">Limited Partnership</category>
<category type="business">ALL</category>
</categories>
</form>
<form>
<title>CAA - LLC</title>
<url>/noam/onboarding/products/lfg_hnw/LFG_HNW_Entity_AO_CAA.htm</url>
<categories>
<category type="product">Citi Advisor Agreement</category>
<category type="account">LLC</category>
<category type="business">ALL</category>
</categories>
</form>
<form>
<title>CAA - Sole Proprietorship</title>
<url>/noam/onboarding/products/lfg_hnw/LFG_HNW_Entity_AO_CAA.htm</url>
<categories>
<category type="product">Citi Advisor Agreement</category>
<category type="account">Sole Proprietorship</category>
<category type="business">ALL</category>
</categories>
</form>
<form>
<title>CAA - Unicorporated Association</title>
<url>/noam/onboarding/products/lfg_hnw/LFG_HNW_Entity_AO_CAA.htm</url>
<categories>
<category type="product">Citi Advisor Agreement</category>
<category type="account">Unincorporated Association</category>
<category type="business">ALL</category>
</categories>
</form>
<form>
<title>CAA - ERISA</title>
<url>/noam/onboarding/products/lfg_hnw/LFG_HNW_Entity_ERISA_AO_CAA.htm</url>
<categories>
<category type="product">Citi Advisor Agreement</category>
<category type="account">ERISA</category>
<category type="business">ALL</category>
</categories>
</form>
<form>
<title>CES - Individual</title>
<url>/noam/onboarding/products/lfg_hnw/LFG_HNW_Individual_AO_CES.htm</url>
<categories>
<category type="product">Consulting and Evaluation Services (CES)</category>
<category type="account">Individual/Joint</category>
<category type="business">ALL</category>
</categories>
</form>
<form>
<title>CES - IRA</title>
<url>/noam/onboarding/products/lfg_hnw/LFG_HNW_Individual_AO_IRA_CES.htm</url>
<categories>
<category type="product">Consulting and Evaluation Services (CES)</category>
<category type="account">Individual Retirement Account</category>
<category type="business">ALL</category>
</categories>
</form>
<form>
<title>CES - Trust</title>
<url>/noam/onboarding/products/lfg_hnw/LFG_HNW_Trust_AO_CES.htm</url>
<categories>
<category type="product">Consulting and Evaluation Services (CES)</category>
<category type="account">Trust</category>
<category type="business">ALL</category>
</categories>
</form>
<form>
<title>CES - Estate</title>
<url>/noam/onboarding/products/lfg_hnw/LFG_HNW_Estate_AO_CES.htm</url>
<categories>
<category type="product">Consulting and Evaluation Services (CES)</category>
<category type="account">Estate</category>
<category type="business">ALL</category>
</categories>
</form>
<form>
<title>CES - Corporation</title>
<url>/noam/onboarding/products/lfg_hnw/LFG_HNW_Entity_AO_CES.htm</url>
<categories>
<category type="product">Consulting and Evaluation Services (CES)</category>
<category type="account">Corporation</category>
<category type="business">ALL</category>
</categories>
</form>
<form>
<title>CES - General Partnership</title>
<url>/noam/onboarding/products/lfg_hnw/LFG_HNW_Entity_AO_CES.htm</url>
<categories>
<category type="product">Consulting and Evaluation Services (CES)</category>
<category type="account">General Partnership</category>
<category type="business">ALL</category>
</categories>
</form>
<form>
<title>CES - Limited Partnership</title>
<url>/noam/onboarding/products/lfg_hnw/LFG_HNW_Entity_AO_CES.htm</url>
<categories>
<category type="product">Consulting and Evaluation Services (CES)</category>
<category type="account">Limited Partnership</category>
<category type="business">ALL</category>
</categories>
</form>
<form>
<title>CES - LLC</title>
<url>/noam/onboarding/products/lfg_hnw/LFG_HNW_Entity_AO_CES.htm</url>
<categories>
<category type="product">Consulting and Evaluation Services (CES)</category>
<category type="account">LLC</category>
<category type="business">ALL</category>
</categories>
</form>
<form>
<title>CES - Sole Proprietorship</title>
<url>/noam/onboarding/products/lfg_hnw/LFG_HNW_Entity_AO_CES.htm</url>
<categories>
<category type="product">Consulting and Evaluation Services (CES)</category>
<category type="account">Sole Proprietorship</category>
<category type="business">ALL</category>
</categories>
</form>
<form>
<title>CES - Unicorporated Association</title>
<url>/noam/onboarding/products/lfg_hnw/LFG_HNW_Entity_AO_CES.htm</url>
<categories>
<category type="product">Consulting and Evaluation Services (CES)</category>
<category type="account">Unincorporated Association</category>
<category type="business">ALL</category>
</categories>
</form>
<form>
<title>CES - ERISA</title>
<url>/noam/onboarding/products/lfg_hnw/LFG_HNW_Entity_ERISA_AO_CES.htm</url>
<categories>
<category type="product">Consulting and Evaluation Services (CES)</category>
<category type="account">ERISA</category>
<category type="business">ALL</category>
</categories>
</form>
<form>
<title>CIM - Individual - US</title>
<url>/noam/onboarding/products/lfg_hnw/LFG_HNW_Individual_US_AO_CIM.htm</url>
<categories>
<category type="product">Citi Investment Management (CIM)</category>
<category type="account">Individual/Joint</category>
<category type="business">CIM US Managed Portfolios</category>
</categories>
</form>
<form>
<title>CIM - Individual - EMEA</title>
<url>/noam/onboarding/products/lfg_hnw/LFG_HNW_Individual_EMEA_AO_CIM.htm</url>
<categories>
<category type="product">Citi Investment Management (CIM)</category>
<category type="account">Individual/Joint</category>
<category type="business">CIM Europe Managed Portfolios</category>
</categories>
</form>
<form>
<title>CIM - IRA - US</title>
<url>/noam/onboarding/products/lfg_hnw/LFG_HNW_Individual_US_AO_IRA_CIM.htm</url>
<categories>
<category type="product">Citi Investment Management (CIM)</category>
<category type="account">Individual Retirement Account</category>
<category type="business">CIM US Managed Portfolios</category>
</categories>
</form>
<form>
<title>CIM - Trust - US</title>
<url>/noam/onboarding/products/lfg_hnw/LFG_HNW_Trust_US_AO_CIM.htm</url>
<categories>
<category type="product">Citi Investment Management (CIM)</category>
<category type="account">Trust</category>
<category type="business">CIM US Managed Portfolios</category>
</categories>
</form>
<form>
<title>CIM - Trust - EMEA</title>
<url>/noam/onboarding/products/lfg_hnw/LFG_HNW_Trust_EMEA_AO_CIM.htm</url>
<categories>
<category type="product">Citi Investment Management (CIM)</category>
<category type="account">Trust</category>
<category type="business">CIM Europe Managed Portfolios</category>
</categories>
</form>
<form>
<title>CIM - Estate - US</title>
<url>/noam/onboarding/products/lfg_hnw/LFG_HNW_Estate_US_AO_CIM.htm</url>
<categories>
<category type="product">Citi Investment Management (CIM)</category>
<category type="account">Estate</category>
<category type="business">CIM US Managed Portfolios</category>
</categories>
</form>
<form>
<title>CIM - Estate - EMEA</title>
<url>/noam/onboarding/products/lfg_hnw/LFG_HNW_Estate_EMEA_AO_CIM.htm</url>
<categories>
<category type="product">Citi Investment Management (CIM)</category>
<category type="account">Estate</category>
<category type="business">CIM Europe Managed Portfolios</category>
</categories>
</form>
<form>
<title>CIM - Corporation - US</title>
<url>/noam/onboarding/products/lfg_hnw/LFG_HNW_Entity_US_AO_CIM.htm</url>
<categories>
<category type="product">Citi Investment Management (CIM)</category>
<category type="account">Corporation</category>
<category type="business">CIM US Managed Portfolios</category>
</categories>
</form>
<form>
<title>CIM - Corporation - EMEA</title>
<url>/noam/onboarding/products/lfg_hnw/LFG_HNW_Entity_EMEA_AO_CIM.htm</url>
<categories>
<category type="product">Citi Investment Management (CIM)</category>
<category type="account">Corporation</category>
<category type="business">CIM Europe Managed Portfolios</category>
</categories>
</form>
<form>
<title>CIM - General Partnership - US</title>
<url>/noam/onboarding/products/lfg_hnw/LFG_HNW_Entity_US_AO_CIM.htm</url>
<categories>
<category type="product">Citi Investment Management (CIM)</category>
<category type="account">General Partnership</category>
<category type="business">CIM US Managed Portfolios</category>
</categories>
</form>
<form>
<title>CIM - General Partnership - EMEA</title>
<url>/noam/onboarding/products/lfg_hnw/LFG_HNW_Entity_EMEA_AO_CIM.htm</url>
<categories>
<category type="product">Citi Investment Management (CIM)</category>
<category type="account">General Partnership</category>
<category type="business">CIM Europe Managed Portfolios</category>
</categories>
</form>
<form>
<title>CIM - Limited Partnership - US</title>
<url>/noam/onboarding/products/lfg_hnw/LFG_HNW_Entity_US_AO_CIM.htm</url>
<categories>
<category type="product">Citi Investment Management (CIM)</category>
<category type="account">Limited Partnership</category>
<category type="business">CIM US Managed Portfolios</category>
</categories>
</form>
<form>
<title>CIM - Limited Partnership - EMEA</title>
<url>/noam/onboarding/products/lfg_hnw/LFG_HNW_Entity_EMEA_AO_CIM.htm</url>
<categories>
<category type="product">Citi Investment Management (CIM)</category>
<category type="account">Limited Partnership</category>
<category type="business">CIM Europe Managed Portfolios</category>
</categories>
</form>
<form>
<title>CIM - LLC - US</title>
<url>/noam/onboarding/products/lfg_hnw/LFG_HNW_Entity_US_AO_CIM.htm</url>
<categories>
<category type="product">Citi Investment Management (CIM)</category>
<category type="account">LLC</category>
<category type="business">CIM US Managed Portfolios</category>
</categories>
</form>
<form>
<title>CIM - LLC - EMEA</title>
<url>/noam/onboarding/products/lfg_hnw/LFG_HNW_Entity_EMEA_AO_CIM.htm</url>
<categories>
<category type="product">Citi Investment Management (CIM)</category>
<category type="account">LLC</category>
<category type="business">CIM Europe Managed Portfolios</category>
</categories>
</form>
<form>
<title>CIM - Sole Proprietorship - US</title>
<url>/noam/onboarding/products/lfg_hnw/LFG_HNW_Entity_US_AO_CIM.htm</url>
<categories>
<category type="product">Citi Investment Management (CIM)</category>
<category type="account">Sole Proprietorship</category>
<category type="business">CIM US Managed Portfolios</category>
</categories>
</form>
<form>
<title>CIM - Sole Proprietorship - EMEA</title>
<url>/noam/onboarding/products/lfg_hnw/LFG_HNW_Entity_EMEA_AO_CIM.htm</url>
<categories>
<category type="product">Citi Investment Management (CIM)</category>
<category type="account">Sole Proprietorship</category>
<category type="business">CIM Europe Managed Portfolios</category>
</categories>
</form>
<form>
<title>CIM - Unicorporated Association - US</title>
<url>/noam/onboarding/products/lfg_hnw/LFG_HNW_Entity_US_AO_CIM.htm</url>
<categories>
<category type="product">Citi Investment Management (CIM)</category>
<category type="account">Unincorporated Association</category>
<category type="business">CIM US Managed Portfolios</category>
</categories>
</form>
<form>
<title>CIM - Unicorporated Association - EMEA</title>
<url>/noam/onboarding/products/lfg_hnw/LFG_HNW_Entity_EMEA_AO_CIM.htm</url>
<categories>
<category type="product">Citi Investment Management (CIM)</category>
<category type="account">Unincorporated Association</category>
<category type="business">CIM Europe Managed Portfolios</category>
</categories>
</form>
<form>
<title>CIM - ERISA US</title>
<url>/noam/onboarding/products/lfg_hnw/LFG_HNW_Entity_ERISA_US_AO_CIM.htm</url>
<categories>
<category type="product">Citi Investment Management (CIM)</category>
<category type="account">ERISA</category>
<category type="business">CIM US Managed Portfolios</category>
</categories>
</form>
<form>
<title>CIM - CCIFL</title>
<url>/noam/onboarding/products/canada/Entity_EMEA_AO_Canada_CIM.htm</url>
<categories>
<category type="product">Citi Investment Management (CIM)</category>
<category type="account">Citibank Canada Investment Funds (CCIFL)</category>
<category type="business">CIM EMEA Managed Portfolios</category>
</categories>
</form>
<form>
<title>FS - Individual</title>
<url>/noam/onboarding/products/lfg_hnw/LFG_HNW_Individual_AO_FSP.htm</url>
<categories>
<category type="product">Fiduciary Services Program (FS)</category>
<category type="account">Individual/Joint</category>
<category type="business">ALL</category>
</categories>
</form>
<form>
<title>FS - IRA</title>
<url>/noam/onboarding/products/lfg_hnw/LFG_HNW_Individual_AO_IRA_FSP.htm</url>
<categories>
<category type="product">Fiduciary Services Program (FS)</category>
<category type="account">Individual Retirement Account</category>
<category type="business">ALL</category>
</categories>
</form>
<form>
<title>FS - Trust</title>
<url>/noam/onboarding/products/lfg_hnw/LFG_HNW_Trust_AO_FSP.htm</url>
<categories>
<category type="product">Fiduciary Services Program (FS)</category>
<category type="account">Trust</category>
<category type="business">ALL</category>
</categories>
</form>
<form>
<title>FS - Estate</title>
<url>/noam/onboarding/products/lfg_hnw/LFG_HNW_Estate_AO_FSP.htm</url>
<categories>
<category type="product">Fiduciary Services Program (FS)</category>
<category type="account">Estate</category>
<category type="business">ALL</category>
</categories>
</form>
<form>
<title>FS - Corporation</title>
<url>/noam/onboarding/products/lfg_hnw/LFG_HNW_Entity_AO_FSP.htm</url>
<categories>
<category type="product">Fiduciary Services Program (FS)</category>
<category type="account">Corporation</category>
<category type="business">ALL</category>
</categories>
</form>
<form>
<title>FS - General Partnership</title>
<url>/noam/onboarding/products/lfg_hnw/LFG_HNW_Entity_AO_FSP.htm</url>
<categories>
<category type="product">Fiduciary Services Program (FS)</category>
<category type="account">General Partnership</category>
<category type="business">ALL</category>
</categories>
</form>
<form>
<title>FS - Limited Partnership</title>
<url>/noam/onboarding/products/lfg_hnw/LFG_HNW_Entity_AO_FSP.htm</url>
<categories>
<category type="product">Fiduciary Services Program (FS)</category>
<category type="account">Limited Partnership</category>
<category type="business">ALL</category>
</categories>
</form>
<form>
<title>FS - LLC</title>
<url>/noam/onboarding/products/lfg_hnw/LFG_HNW_Entity_AO_FSP.htm</url>
<categories>
<category type="product">Fiduciary Services Program (FS)</category>
<category type="account">LLC</category>
<category type="business">ALL</category>
</categories>
</form>
<form>
<title>FS - Sole</title>
<url>/noam/onboarding/products/lfg_hnw/LFG_HNW_Entity_AO_FSP.htm</url>
<categories>
<category type="product">Fiduciary Services Program (FS)</category>
<category type="account">Sole Proprietorship</category>
<category type="business">ALL</category>
</categories>
</form>
<form>
<title>FS - Unincorporated Association</title>
<url>/noam/onboarding/products/lfg_hnw/LFG_HNW_Entity_AO_FSP.htm</url>
<categories>
<category type="product">Fiduciary Services Program (FS)</category>
<category type="account">Unincorporated Association</category>
<category type="business">ALL</category>
</categories>
</form>
<form>
<title>FS - ERISA</title>
<url>/noam/onboarding/products/lfg_hnw/LFG_HNW_Entity_ERISA_AO_FSP.htm</url>
<categories>
<category type="product">Fiduciary Services Program (FS)</category>
<category type="account">ERISA</category>
<category type="business">ALL</category>
</categories>
</form>
<form>
<title>MSP - CCIFL</title>
<url>/noam/onboarding/products/canada/Individual_AO_Canada_CCIFL_MSP.htm</url>
<categories>
<category type="product">Manager Selection Program (MSP) - Canada</category>
<category type="account">Citibank Canada Investment Funds (CCIFL)</category>
<category type="business">Canada Only</category>
</categories>
</form>
<form>
<title>Umbrella - Individual</title>
<url>/noam/onboarding/products/lfg_hnw/LFG_HNW_Individual_AO_Umbrella.htm</url>
<categories>
<category type="product">MACS - Umbrella Portfolios</category>
<category type="account">Individual/Joint</category>
<category type="business">ALL</category>
</categories>
</form>
<form>
<title>Umbrella - IRA</title>
<url>/noam/onboarding/products/lfg_hnw/LFG_HNW_Individual_AO_IRA_Umbrella.htm</url>
<categories>
<category type="product">MACS - Umbrella Portfolios</category>
<category type="account">Individual Retirement Account</category>
<category type="business">ALL</category>
</categories>
</form>
<form>
<title>Umbrella - Trust</title>
<url>/noam/onboarding/products/lfg_hnw/LFG_HNW_Trust_AO_Umbrella.htm</url>
<categories>
<category type="product">MACS - Umbrella Portfolios</category>
<category type="account">Trust</category>
<category type="business">ALL</category>
</categories>
</form>
<form>
<title>Umbrella - Citi Trust</title>
<url>/noam/onboarding/products/lfg_hnw/CitiTrust_AO_MACS.htm</url>
<categories>
<category type="product">MACS - Umbrella Portfolios</category>
<category type="account">Citi Trust</category>
<category type="business">ALL</category>
</categories>
</form>
<form>
<title>Umbrella - Estate</title>
<url>/noam/onboarding/products/lfg_hnw/LFG_HNW_Estate_AO_Umbrella.htm</url>
<categories>
<category type="product">MACS - Umbrella Portfolios</category>
<category type="account">Estate</category>
<category type="business">ALL</category>
</categories>
</form>
<form>
<title>Umbrella - Corporation</title>
<url>/noam/onboarding/products/lfg_hnw/LFG_HNW_Entity_AO_Umbrella.htm</url>
<categories>
<category type="product">MACS - Umbrella Portfolios</category>
<category type="account">Corporation</category>
<category type="business">ALL</category>
</categories>
</form>
<form>
<title>Umbrella - General Partnership</title>
<url>/noam/onboarding/products/lfg_hnw/LFG_HNW_Entity_AO_Umbrella.htm</url>
<categories>
<category type="product">MACS - Umbrella Portfolios</category>
<category type="account">General Partnership</category>
<category type="business">ALL</category>
</categories>
</form>
<form>
<title>Umbrella - Limited Partnership</title>
<url>/noam/onboarding/products/lfg_hnw/LFG_HNW_Entity_AO_Umbrella.htm</url>
<categories>
<category type="product">MACS - Umbrella Portfolios</category>
<category type="account">Limited Partnership</category>
<category type="business">ALL</category>
</categories>
</form>
<form>
<title>Umbrella - LLC</title>
<url>/noam/onboarding/products/lfg_hnw/LFG_HNW_Entity_AO_Umbrella.htm</url>
<categories>
<category type="product">MACS - Umbrella Portfolios</category>
<category type="account">LLC</category>
<category type="business">ALL</category>
</categories>
</form>
<form>
<title>Umbrella - Sole</title>
<url>/noam/onboarding/products/lfg_hnw/LFG_HNW_Entity_AO_Umbrella.htm</url>
<categories>
<category type="product">MACS - Umbrella Portfolios</category>
<category type="account">Sole Proprietorship</category>
<category type="business">ALL</category>
</categories>
</form>
<form>
<title>Umbrella - Unincorporated</title>
<url>/noam/onboarding/products/lfg_hnw/LFG_HNW_Entity_AO_Umbrella.htm</url>
<categories>
<category type="product">MACS - Umbrella Portfolios</category>
<category type="account">Unincorporated Association</category>
<category type="business">ALL</category>
</categories>
</form>
<form>
<title>Umbrella - ERISA</title>
<url>/noam/onboarding/products/lfg_hnw/LFG_HNW_Entity_ERISA_AO_Umbrella.htm</url>
<categories>
<category type="product">MACS - Umbrella Portfolios</category>
<category type="account">ERISA</category>
<category type="business">ALL</category>
</categories>
</form>
<form>
<title>Umbrella - CCIFL</title>
<url>/noam/onboarding/products/lfg_hnw/LFG_HNW_Entity_Umbrella_Canada_Only.htm</url>
<categories>
<category type="product">MACS - Umbrella Portfolios</category>
<category type="account">Citibank Canada Investment Funds (CCIFL)</category>
<category type="business">Canada Only</category>
</categories>
</form>
<form>
<title>Umbrella - Individual</title>
<url>/noam/onboarding/products/lfg_hnw/LFG_HNW_Advisory_Potfolios.htm</url>
<categories>
<category type="product">Advisory Portfolios</category>
<category type="account">Individual/Joint</category>
<category type="business">ALL</category>
</categories>
</form>
<form>
<title>Umbrella - IRA</title>
<url>/noam/onboarding/products/lfg_hnw/LFG_HNW_Individual_AO_IRA_Umbrella.htm</url>
<categories>
<category type="product">Advisory Portfolios</category>
<category type="account">Individual Retirement Account</category>
<category type="business">ALL</category>
</categories>
</form>
<form>
<title>Umbrella - Trust</title>
<url>/noam/onboarding/products/lfg_hnw/LFG_HNW_Advisory_Potfolios.htm</url>
<categories>
<category type="product">Advisory Portfolios</category>
<category type="account">Trust</category>
<category type="business">ALL</category>
</categories>
</form>
<form>
<title>Umbrella - Estate</title>
<url>/noam/onboarding/products/lfg_hnw/LFG_HNW_Advisory_Potfolios.htm</url>
<categories>
<category type="product">Advisory Portfolios</category>
<category type="account">Estate</category>
<category type="business">ALL</category>
</categories>
</form>
<form>
<title>Umbrella - Corporation</title>
<url>/noam/onboarding/products/lfg_hnw/LFG_HNW_Advisory_Potfolios.htm</url>
<categories>
<category type="product">Advisory Portfolios</category>
<category type="account">Corporation</category>
<category type="business">ALL</category>
</categories>
</form>
<form>
<title>Umbrella - General Partnership</title>
<url>/noam/onboarding/products/lfg_hnw/LFG_HNW_Advisory_Potfolios.htm</url>
<categories>
<category type="product">Advisory Portfolios</category>
<category type="account">General Partnership</category>
<category type="business">ALL</category>
</categories>
</form>
<form>
<title>Umbrella - Limited Partnership</title>
<url>/noam/onboarding/products/lfg_hnw/LFG_HNW_Advisory_Potfolios.htm</url>
<categories>
<category type="product">Advisory Portfolios</category>
<category type="account">Limited Partnership</category>
<category type="business">ALL</category>
</categories>
</form>
<form>
<title>Umbrella - LLC</title>
<url>/noam/onboarding/products/lfg_hnw/LFG_HNW_Advisory_Potfolios.htm</url>
<categories>
<category type="product">Advisory Portfolios</category>
<category type="account">LLC</category>
<category type="business">ALL</category>
</categories>
</form>
<form>
<title>Umbrella - Sole</title>
<url>/noam/onboarding/products/lfg_hnw/LFG_HNW_Advisory_Potfolios.htm</url>
<categories>
<category type="product">Advisory Portfolios</category>
<category type="account">Sole Proprietorship</category>
<category type="business">ALL</category>
</categories>
</form>
<form>
<title>Umbrella - Unincorporated</title>
<url>/noam/onboarding/products/lfg_hnw/LFG_HNW_Advisory_Potfolios.htm</url>
<categories>
<category type="product">Advisory Portfolios</category>
<category type="account">Unincorporated Association</category>
<category type="business">ALL</category>
</categories>
</form>
<form>
<title>Umbrella - ERISA</title>
<url>/noam/onboarding/products/lfg_hnw/LFG_HNW_Advisory_Potfolios.htm</url>
<categories>
<category type="product">Advisory Portfolios</category>
<category type="account">ERISA</category>
<category type="business">ALL</category>
</categories>
</form>
<form>
<title>PC - Individual</title>
<url>/noam/onboarding/products/hnw/HNW_Individual_AO_Preferred_Custody.htm</url>
<categories>
<category type="product">Preferred Custody</category>
<category type="account">Individual/Joint</category>
<category type="business">U-HNW</category>
</categories>
</form>
<form>
<title>PC - Individual</title>
<url>/noam/onboarding/products/lfg/LFG_PSG_NW35_Individual_AO_Preferred_Custody.htm</url>
<categories>
<category type="product">Preferred Custody</category>
<category type="account">Individual/Joint</category>
<category type="business">LFG-PSG</category>
</categories>
</form>
<form>
<title>Preferred Custody - IRA</title>
<url>/noam/onboarding/products/hnw/HNW_Individual_AO_IRA_Preferred_Custody.htm</url>
<categories>
<category type="product">Preferred Custody</category>
<category type="account">Individual Retirement Account</category>
<category type="business">U-HNW</category>
</categories>
</form>
<form>
<title>Preferred Custody - IRA</title>
<url>/noam/onboarding/products/lfg/LFG_PSG_Individual_AO_IRA_Preferred_Custody.htm</url>
<categories>
<category type="product">Preferred Custody</category>
<category type="account">Individual Retirement Account</category>
<category type="business">LFG-PSG</category>
</categories>
</form>
<form>
<title>PC - Trust</title>
<url>/noam/onboarding/products/hnw/HNW_Trust_AO_Preferred_Custody.htm</url>
<categories>
<category type="product">Preferred Custody</category>
<category type="account">Trust</category>
<category type="business">U-HNW</category>
</categories>
</form>
<form>
<title>PC - Trust</title>
<url>/noam/onboarding/products/lfg/LFG_PSG_NW35_Trust_AO_Preferred_Custody.htm</url>
<categories>
<category type="product">Preferred Custody</category>
<category type="account">Trust</category>
<category type="business">LFG-PSG</category>
</categories>
</form>
<form>
<title>PC - Estate</title>
<url>/noam/onboarding/products/hnw/HNW_Estate_AO_Preferred_Custody.htm</url>
<categories>
<category type="product">Preferred Custody</category>
<category type="account">Estate</category>
<category type="business">U-HNW</category>
</categories>
</form>
<form>
<title>PC - Estate</title>
<url>/noam/onboarding/products/lfg/LFG_PSG_NW35_Estate_AO_Preferred_Custody.htm</url>
<categories>
<category type="product">Preferred Custody</category>
<category type="account">Estate</category>
<category type="business">LFG-PSG</category>
</categories>
</form>
<form>
<title>PC - Corporation</title>
<url>/noam/onboarding/products/hnw/HNW_Entity_AO_Preferred_Custody.htm</url>
<categories>
<category type="product">Preferred Custody</category>
<category type="account">Corporation</category>
<category type="business">U-HNW</category>
</categories>
</form>
<form>
<title>PC - Corporation</title>
<url>/noam/onboarding/products/lfg/LFG_Entity_AO_Preferred_Custody.htm</url>
<categories>
<category type="product">Preferred Custody</category>
<category type="account">Corporation</category>
<category type="business">LFG-PSG</category>
</categories>
</form>
<form>
<title>PC - General Partnership</title>
<url>/noam/onboarding/products/hnw/HNW_Entity_AO_Preferred_Custody.htm</url>
<categories>
<category type="product">Preferred Custody</category>
<category type="account">General Partnership</category>
<category type="business">U-HNW</category>
</categories>
</form>
<form>
<title>PC - General Partnership</title>
<url>/noam/onboarding/products/lfg/LFG_Entity_AO_Preferred_Custody.htm</url>
<categories>
<category type="product">Preferred Custody</category>
<category type="account">General Partnership</category>
<category type="business">LFG-PSG</category>
</categories>
</form>
<form>
<title>PC - Limited Partnership</title>
<url>/noam/onboarding/products/hnw/HNW_Entity_AO_Preferred_Custody.htm</url>
<categories>
<category type="product">Preferred Custody</category>
<category type="account">Limited Partnership</category>
<category type="business">U-HNW</category>
</categories>
</form>
<form>
<title>PC - Limited Partnership</title>
<url>/noam/onboarding/products/lfg/LFG_Entity_AO_Preferred_Custody.htm</url>
<categories>
<category type="product">Preferred Custody</category>
<category type="account">Limited Partnership</category>
<category type="business">LFG-PSG</category>
</categories>
</form>
<form>
<title>PC - LLC</title>
<url>/noam/onboarding/products/hnw/HNW_Entity_AO_Preferred_Custody.htm</url>
<categories>
<category type="product">Preferred Custody</category>
<category type="account">LLC</category>
<category type="business">U-HNW</category>
</categories>
</form>
<form>
<title>PC - LLC</title>
<url>/noam/onboarding/products/lfg/LFG_Entity_AO_Preferred_Custody.htm</url>
<categories>
<category type="product">Preferred Custody</category>
<category type="account">LLC</category>
<category type="business">LFG-PSG</category>
</categories>
</form>
<form>
<title>PC - Sole</title>
<url>/noam/onboarding/products/hnw/HNW_Entity_AO_Preferred_Custody.htm</url>
<categories>
<category type="product">Preferred Custody</category>
<category type="account">Sole Proprietorship</category>
<category type="business">U-HNW</category>
</categories>
</form>
<form>
<title>PC - Sole</title>
<url>/noam/onboarding/products/lfg/LFG_Entity_AO_Preferred_Custody.htm</url>
<categories>
<category type="product">Preferred Custody</category>
<category type="account">Sole Proprietorship</category>
<category type="business">LFG-PSG</category>
</categories>
</form>
<form>
<title>PC - Unincorporated Association</title>
<url>/noam/onboarding/products/hnw/HNW_Entity_AO_Preferred_Custody.htm</url>
<categories>
<category type="product">Preferred Custody</category>
<category type="account">Unincorporated Association</category>
<category type="business">U-HNW</category>
</categories>
</form>
<form>
<title>PC - Unincorporated Association</title>
<url>/noam/onboarding/products/lfg/LFG_Entity_AO_Preferred_Custody.htm</url>
<categories>
<category type="product">Preferred Custody</category>
<category type="account">Unincorporated Association</category>
<category type="business">LFG-PSG</category>
</categories>
</form>
<form>
<title>PC - ERISA</title>
<url>/noam/onboarding/products/hnw/HNW_Entity_AO_ERISA_Preferred_Custody.htm</url>
<categories>
<category type="product">Preferred Custody</category>
<category type="account">ERISA</category>
<category type="business">U-HNW</category>
</categories>
</form>
<form>
<title>PC - ERISA</title>
<url>/noam/onboarding/products/lfg/LFG_Entity_AO_ERISA_Preferred_Custody.htm</url>
<categories>
<category type="product">Preferred Custody</category>
<category type="account">ERISA</category>
<category type="business">LFG-PSG</category>
</categories>
</form>
<form>
<title>Individual Capital Markets - Credit Derivatives</title>
<url>/noam/onboarding/products/lfg_hnw/LFG_HNW_Individual_AO_Capital_Markets_Credit_Derivatives.htm</url>
<categories>
<category type="product">Capital Markets</category>
<category type="account">Credit Derivatives</category>
<category type="business">Individual</category>
</categories>
</form>
<form>
<title>Entity Capital Markets - Credit Derivatives</title>
<url>/noam/onboarding/products/lfg_hnw/LFG_HNW_Entity_AO_Capital_Markets_Credit_Derivatives.htm</url>
<categories>
<category type="product">Capital Markets</category>
<category type="account">Credit Derivatives</category>
<category type="business">Entity</category>
</categories>
</form>
<form>
<title>Individual Capital Markets - CUBES Swap/Sold Option</title>
<url>/noam/onboarding/products/lfg_hnw/LFG_HNW_Individual_AO_Capital_Markets_CUBES_Swap.htm</url>
<categories>
<category type="product">Capital Markets</category>
<category type="account">CUBES Swap/Sold Option</category>
<category type="business">Individual</category>
</categories>
</form>
<form>
<title>Entity Capital Markets - CUBES Swap/Sold Option</title>
<url>/noam/onboarding/products/lfg_hnw/LFG_HNW_Entity_AO_Capital_Markets_CUBES_Swap.htm</url>
<categories>
<category type="product">Capital Markets</category>
<category type="account">CUBES Swap/Sold Option</category>
<category type="business">Entity</category>
</categories>
</form>
<form>
<title>Individual Capital Markets - Dual Currency Instruments</title>
<url>/noam/onboarding/products/lfg_hnw/LFG_HNW_Individual_AO_Capital_Markets_Dual_Currency.htm</url>
<categories>
<category type="product">Capital Markets</category>
<category type="account">Dual Currency Links Instruments</category>
<category type="business">Individual</category>
</categories>
</form>
<form>
<title>Entity Capital Markets - Dual Currency Instruments</title>
<url>/noam/onboarding/products/lfg_hnw/LFG_HNW_Entity_AO_Capital_Markets_Dual_Currency.htm</url>
<categories>
<category type="product">Capital Markets</category>
<category type="account">Dual Currency Links Instruments</category>
<category type="business">Entity</category>
</categories>
</form>
<form>
<title>Individual Capital Markets - Equity Derivatives</title>
<url>/noam/onboarding/products/lfg_hnw/LFG_HNW_Individual_AO_Capital_Markets_Equity_Derivatives.htm</url>
<categories>
<category type="product">Capital Markets</category>
<category type="account">Equity Derivatives</category>
<category type="business">Individual</category>
</categories>
</form>
<form>
<title>Entity Capital Markets - Equity Derivatives</title>
<url>/noam/onboarding/products/lfg_hnw/LFG_HNW_Entity_AO_Capital_Markets_Equity_Derivatives.htm</url>
<categories>
<category type="product">Capital Markets</category>
<category type="account">Equity Derivatives</category>
<category type="business">Entity</category>
</categories>
</form>
<form>
<title>Individual Capital Markets - FX Bought</title>
<url>/noam/onboarding/products/lfg_hnw/LFG_HNW_Individual_AO_Capital_Markets_FX_Bought.htm</url>
<categories>
<category type="product">Capital Markets</category>
<category type="account">FX Bought</category>
<category type="business">Individual</category>
</categories>
</form>
<form>
<title>Entity Capital Markets - FX Bought</title>
<url>/noam/onboarding/products/lfg_hnw/LFG_HNW_Entity_AO_Capital_Markets_FX_Bought.htm</url>
<categories>
<category type="product">Capital Markets</category>
<category type="account">FX Bought</category>
<category type="business">Entity</category>
</categories>
</form>
<form>
<title>Individual Capital Markets - FX Forward</title>
<url>/noam/onboarding/products/lfg_hnw/LFG_HNW_Individual_AO_Capital_Markets_FX_Forward.htm</url>
<categories>
<category type="product">Capital Markets</category>
<category type="account">FX Forward</category>
<category type="business">Individual</category>
</categories>
</form>
<form>
<title>Entity Capital Markets - FX Forward</title>
<url>/noam/onboarding/products/lfg_hnw/LFG_HNW_Entity_AO_Capital_Markets_FX_Forward.htm</url>
<categories>
<category type="product">Capital Markets</category>
<category type="account">FX Forward</category>
<category type="business">Entity</category>
</categories>
</form>
<form>
<title>Individual Capital Markets - FX Margin</title>
<url>/noam/onboarding/products/lfg_hnw/LFG_HNW_Individual_AO_Capital_Markets_FX_Margin.htm</url>
<categories>
<category type="product">Capital Markets</category>
<category type="account">FX Margin</category>
<category type="business">Individual</category>
</categories>
</form>
<form>
<title>Entity Capital Markets - FX Margin</title>
<url>/noam/onboarding/products/lfg_hnw/LFG_HNW_Entity_AO_Capital_Markets_FX_Margin.htm</url>
<categories>
<category type="product">Capital Markets</category>
<category type="account">FX Margin</category>
<category type="business">Entity</category>
</categories>
</form>
<form>
<title>Individual Capital Markets - FX Sold</title>
<url>/noam/onboarding/products/lfg_hnw/LFG_HNW_Individual_AO_Capital_Markets_FX_Sold.htm</url>
<categories>
<category type="product">Capital Markets</category>
<category type="account">FX Sold</category>
<category type="business">Individual</category>
</categories>
</form>
<form>
<title>Entity Capital Markets - FX Sold</title>
<url>/noam/onboarding/products/lfg_hnw/LFG_HNW_Entity_AO_Capital_Markets_FX_Sold.htm</url>
<categories>
<category type="product">Capital Markets</category>
<category type="account">FX Sold</category>
<category type="business">Entity</category>
</categories>
</form>
<form>
<title>Individual Capital Markets - FX Spot Trades</title>
<url>/noam/onboarding/products/lfg_hnw/LFG_HNW_Individual_AO_Capital_Markets_FX_Spot_Trades.htm</url>
<categories>
<category type="product">Capital Markets</category>
<category type="account">FX Spot Trades</category>
<category type="business">Individual</category>
</categories>
</form>
<form>
<title>Entity Capital Markets - FX Spot Trades</title>
<url>/noam/onboarding/products/lfg_hnw/LFG_HNW_Entity_AO_Capital_Markets_FX_Spot_Trades.htm</url>
<categories>
<category type="product">Capital Markets</category>
<category type="account">FX Spot Trades</category>
<category type="business">Entity</category>
</categories>
</form>
<form>
<title>Individual Capital Markets - Interest Rate Bought</title>
<url>/noam/onboarding/products/lfg_hnw/LFG_HNW_Individual_AO_Capital_Markets_Interest_Rates_Bought.htm</url>
<categories>
<category type="product">Capital Markets</category>
<category type="account">Interest Rate Bought</category>
<category type="business">Individual</category>
</categories>
</form>
<form>
<title>Entity Capital Markets - Interest Rate Bought</title>
<url>/noam/onboarding/products/lfg_hnw/LFG_HNW_Entity_AO_Capital_Markets_Interest_Rates_Bought.htm</url>
<categories>
<category type="product">Capital Markets</category>
<category type="account">Interest Rate Bought</category>
<category type="business">Entity</category>
</categories>
</form>
<form>
<title>Individual Capital Markets - Interest Rate Swaps</title>
<url>/noam/onboarding/products/lfg_hnw/LFG_HNW_Individual_AO_Capital_Markets_Interest_Rate_Swaps.htm</url>
<categories>
<category type="product">Capital Markets</category>
<category type="account">Interest Rate Swaps</category>
<category type="business">Individual</category>
</categories>
</form>
<form>
<title>Entity Capital Markets - Interest Rate Swaps</title>
<url>/noam/onboarding/products/lfg_hnw/LFG_HNW_Entity_AO_Capital_Markets_Interest_Rate_Swaps.htm</url>
<categories>
<category type="product">Capital Markets</category>
<category type="account">Interest Rate Swaps</category>
<category type="business">Entity</category>
</categories>
</form>
<form>
<title>Individual Capital Markets - OTC Derivatives Bought</title>
<url>/noam/onboarding/products/lfg_hnw/LFG_HNW_Individual_AO_Capital_Markets_OTC_Derivatives_Bought.htm</url>
<categories>
<category type="product">Capital Markets</category>
<category type="account">OTC Derivatives Bought</category>
<category type="business">Individual</category>
</categories>
</form>
<form>
<title>Entity Capital Markets - OTC Derivatives Bought</title>
<url>/noam/onboarding/products/lfg_hnw/LFG_HNW_Entity_AO_Capital_Markets_OTC_Derivatives_Bought.htm</url>
<categories>
<category type="product">Capital Markets</category>
<category type="account">OTC Derivatives Bought</category>
<category type="business">Entity</category>
</categories>
</form>
<form>
<title>Individual Capital Markets - OTC Derivatives Sold</title>
<url>/noam/onboarding/products/lfg_hnw/LFG_HNW_Individual_AO_Capital_Markets_OTC_Derivatives_Sold.htm</url>
<categories>
<category type="product">Capital Markets</category>
<category type="account">OTC Derivatives Sold</category>
<category type="business">Individual</category>
</categories>
</form>
<form>
<title>Entity Capital Markets - OTC Derivatives Sold</title>
<url>/noam/onboarding/products/lfg_hnw/LFG_HNW_Entity_AO_Capital_Markets_OTC_Derivatives_Sold.htm</url>
<categories>
<category type="product">Capital Markets</category>
<category type="account">OTC Derivatives Sold</category>
<category type="business">Entity</category>
</categories>
</form>
<form>
<title>Individual Capital Markets - Structured Notes Agreement</title>
<url>/noam/onboarding/products/lfg_hnw/LFG_HNW_Individual_AO_Capital_Markets_Structured_Notes_temp.htm</url>
<categories>
<category type="product">Capital Markets</category>
<category type="account">Structured Notes Agreement</category>
<category type="business">Individual</category>
</categories>
</form>
<form>
<title>Entity Capital Markets - Structured Notes Agreement</title>
<url>/noam/onboarding/products/lfg_hnw/LFG_HNW_Individual_AO_Capital_Markets_Structured_Notes_temp.htm</url>
<categories>
<category type="product">Capital Markets</category>
<category type="account">Structured Notes Agreement</category>
<category type="business">Entity</category>
</categories>
</form>
<form>
<title>Custom Hedge Funds</title>
<url>/noam/onboarding/products/lfg_hnw/LFG_HNW_HF.htm</url>
<categories>
<category type="product">Custom HF Portfolios</category>
<category type="account">All</category>
<category type="business">All</category>
</categories>
</form>
<form>
<title>Investor - Individual HNW</title>
<url>/noam/onboarding/products/lfg_hnw/Individual_AO_Investor.htm</url>
<categories>
<category type="product">Investor</category>
<category type="account">Individual/Joint</category>
<category type="business">ALL</category>
</categories>
</form>
<form>
<title>Investor - IRA HNW</title>
<url>/noam/onboarding/products/lfg_hnw/IRA_Individual_AO_Investor.htm</url>
<categories>
<category type="product">Investor</category>
<category type="account">Individual Retirement Account</category>
<category type="business">ALL</category>
</categories>
</form>
<form>
<title>Investor - Trust HNW</title>
<url>/noam/onboarding/products/lfg_hnw/Trust_AO_Investor.htm</url>
<categories>
<category type="product">Investor</category>
<category type="account">Trust</category>
<category type="business">ALL</category>
</categories>
</form>
<form>
<title>Investor - Estate HNW</title>
<url>/noam/onboarding/products/lfg_hnw/Estate_AO_Investor.htm</url>
<categories>
<category type="product">Investor</category>
<category type="account">Estate</category>
<category type="business">ALL</category>
</categories>
</form>
<form>
<title>Investor - Corporation HNW</title>
<url>/noam/onboarding/products/lfg_hnw/Entity_AO_Investor.htm</url>
<categories>
<category type="product">Investor</category>
<category type="account">Corporation</category>
<category type="business">ALL</category>
</categories>
</form>
<form>
<title>Investor - General Partnership HNW</title>
<url>/noam/onboarding/products/lfg_hnw/Entity_AO_Investor.htm</url>
<categories>
<category type="product">Investor</category>
<category type="account">General Partnership</category>
<category type="business">ALL</category>
</categories>
</form>
<form>
<title>Investor - Limited Partnership HNW</title>
<url>/noam/onboarding/products/lfg_hnw/Entity_AO_Investor.htm</url>
<categories>
<category type="product">Investor</category>
<category type="account">Limited Partnership</category>
<category type="business">ALL</category>
</categories>
</form>
<form>
<title>Investor - LLC - HNW</title>
<url>/noam/onboarding/products/lfg_hnw/Entity_AO_Investor.htm</url>
<categories>
<category type="product">Investor</category>
<category type="account">LLC</category>
<category type="business">ALL</category>
</categories>
</form>
<form>
<title>Investor - Sole Proprietorship HNW</title>
<url>/noam/onboarding/products/lfg_hnw/Entity_AO_Investor.htm</url>
<categories>
<category type="product">Investor</category>
<category type="account">Sole Proprietorship</category>
<category type="business">ALL</category>
</categories>
</form>
<form>
<title>Investor - Unicorporated Association HNW</title>
<url>/noam/onboarding/products/lfg_hnw/Entity_AO_Investor.htm</url>
<categories>
<category type="product">Investor</category>
<category type="account">Unincorporated Association</category>
<category type="business">ALL</category>
</categories>
</form>
<form>
<title>Citi Trust</title>
<url>/noam/onboarding/products/trust/index.htm</url>
<categories>
<category type="product">Citi Trust</category>
<category type="account">All</category>
<category type="business">All</category>
</categories>
</form>
<form>
<title></title>
<url>/noam/onboarding/products/mortgage/index.htm</url>
<categories>
<category type="product">Residential Real Estate</category>
<category type="account">All</category>
<category type="business">All</category>
</categories>
</form>
<form>
<title>NAM MSBF</title>
<url>/noam/onboarding/products/msbf/index.htm</url>
<categories>
<category type="product">MSBF</category>
<category type="account">All</category>
<category type="business">All</category>
</categories>
</form>
</rss>
