<rss version="2.0">
<form>
<title></title>
<url>/noam/onboarding_latam/products/Latam_Banking.htm</url>
<categories>
<category type="product">Banking/Custody</category>
<category type="account">Individual/Joint</category>
<category type="business">Core Account Opening</category>
</categories>
</form>
<form>
<title></title>
<url>/noam/onboarding_latam/products/Latam_Banking.htm</url>
<categories>
<category type="product">Banking/Custody</category>
<category type="account">Corporation/PIC</category>
<category type="business">Core Account Opening</category>
</categories>
</form>
<form>
<title></title>
<url>/noam/onboarding_latam/products/Latam_CitiBusiness.htm</url>
<categories>
<category type="product">Banking/Custody</category>
<category type="account">Corporation/PIC</category>
<category type="business">CitiBusiness</category>
</categories>
</form>
<form>
<title></title>
<url>/noam/onboarding_latam/products/Latam_Banking.htm</url>
<categories>
<category type="product">Banking/Custody</category>
<category type="account">Citi Trust</category>
<category type="business">Core Account Opening</category>
</categories>
</form>
<form>
<title></title>
<url>/noam/onboarding_latam/products/Latam_Banking.htm</url>
<categories>
<category type="product">Banking/Custody</category>
<category type="account">Non-Citi Trust</category>
<category type="business">Core Account Opening</category>
</categories>
</form>
<form>
<title></title>
<url>/noam/onboarding/products/lfg_hnw/Individual_AO_Brokerage_Retail.htm</url>
<categories>
<category type="product">Brokerage</category>
<category type="account">Individual/Joint</category>
<category type="business">Retail</category>
</categories>
</form>
<form>
<title></title>
<url>/noam/onboarding/products/lfg_hnw/Individual_AO_Brokerage_COD.htm</url>
<categories>
<category type="product">Brokerage</category>
<category type="account">Individual/Joint</category>
<category type="business">COD (DVP/RVP)</category>
</categories>
</form>
<form>
<title></title>
<url>/noam/onboarding/products/lfg_hnw/Entity_Corporation_AO_Brokerage_Retail.htm</url>
<categories>
<category type="product">Brokerage</category>
<category type="account">Corporation/PIC</category>
<category type="business">Retail</category>
</categories>
</form>
<form>
<title></title>
<url>/noam/onboarding/products/lfg_hnw/Entity_Corporation_AO_Brokerage_COD.htm</url>
<categories>
<category type="product">Brokerage</category>
<category type="account">Corporation/PIC</category>
<category type="business">COD (DVP/RVP)</category>
</categories>
</form>
<form>
<title></title>
<url>/noam/onboarding/products/lfg_hnw/Entity_General_Partnership_AO_Brokerage_Retail.htm</url>
<categories>
<category type="product">Brokerage</category>
<category type="account">General Partnership</category>
<category type="business">Retail</category>
</categories>
</form>
<form>
<title></title>
<url>/noam/onboarding/products/lfg_hnw/Entity_General_Partnership_AO_Brokerage_COD.htm</url>
<categories>
<category type="product">Brokerage</category>
<category type="account">General Partnership</category>
<category type="business">COD (DVP/RVP)</category>
</categories>
</form>
<form>
<title></title>
<url>/noam/onboarding/products/lfg_hnw/Trust_AO_Brokerage_Retail.htm</url>
<categories>
<category type="product">Brokerage</category>
<category type="account">Trust</category>
<category type="business">Retail</category>
</categories>
</form>
<form>
<title></title>
<url>/noam/onboarding/products/lfg_hnw/Trust_AO_Brokerage_COD.htm</url>
<categories>
<category type="product">Brokerage</category>
<category type="account">Trust</category>
<category type="business">COD (DVP/RVP)</category>
</categories>
</form>
<form>
<title></title>
<url>/noam/onboarding/products/lfg_hnw/Entity_LLC_AO_Brokerage_Retail.htm</url>
<categories>
<category type="product">Brokerage</category>
<category type="account">LLC</category>
<category type="business">Retail</category>
</categories>
</form>
<form>
<title></title>
<url>/noam/onboarding/products/lfg_hnw/Entity_LLC_AO_Brokerage_COD.htm</url>
<categories>
<category type="product">Brokerage</category>
<category type="account">LLC</category>
<category type="business">COD (DVP/RVP)</category>
</categories>
</form>
<form>
<title></title>
<url>/noam/onboarding/products/lfg_hnw/Entity_Limited_Partnership_AO_Brokerage_Retail.htm</url>
<categories>
<category type="product">Brokerage</category>
<category type="account">Limited Partnership</category>
<category type="business">Retail</category>
</categories>
</form>
<form>
<title></title>
<url>/noam/onboarding/products/lfg_hnw/Entity_Limited_Partnership_AO_Brokerage_COD.htm</url>
<categories>
<category type="product">Brokerage</category>
<category type="account">Limited Partnership</category>
<category type="business">COD (DVP/RVP)</category>
</categories>
</form>
<form>
<title></title>
<url>/noam/onboarding/products/lfg_hnw/Individual_IRA_AO_Brokerage_Retail.htm</url>
<categories>
<category type="product">Brokerage</category>
<category type="account">Individual Retirement Account (IRA)</category>
<category type="business">Retail</category>
</categories>
</form>
<form>
<title></title>
<url>/noam/onboarding/products/lfg_hnw/Individual_IRA_AO_Brokerage_COD.htm</url>
<categories>
<category type="product">Brokerage</category>
<category type="account">Individual Retirement Account (IRA)</category>
<category type="business">COD (DVP/RVP)</category>
</categories>
</form>
<form>
<title></title>
<url>/noam/onboarding/products/lfg_hnw/Estate_AO_Brokerage_Retail.htm</url>
<categories>
<category type="product">Brokerage</category>
<category type="account">Estate</category>
<category type="business">Retail</category>
</categories>
</form>
<form>
<title></title>
<url>/noam/onboarding/products/lfg_hnw/Estate_AO_Brokerage_COD.htm</url>
<categories>
<category type="product">Brokerage</category>
<category type="account">Estate</category>
<category type="business">COD (DVP/RVP)</category>
</categories>
</form>
<form>
<title></title>
<url>/noam/onboarding/products/lfg_hnw/Entity_Sole_Proprietorship_AO_Brokerage_Retail.htm</url>
<categories>
<category type="product">Brokerage</category>
<category type="account">Sole Proprietorship</category>
<category type="business">Retail</category>
</categories>
</form>
<form>
<title></title>
<url>/noam/onboarding/products/lfg_hnw/Entity_Sole_Proprietorship_AO_Brokerage_COD.htm</url>
<categories>
<category type="product">Brokerage</category>
<category type="account">Sole Proprietorship</category>
<category type="business">COD (DVP/RVP)</category>
</categories>
</form>
<form>
<title></title>
<url>/noam/onboarding/products/lfg_hnw/Entity_Unincorporated_Association_AO_Brokerage_Retail.htm</url>
<categories>
<category type="product">Brokerage</category>
<category type="account">Unincorporated Association</category>
<category type="business">Retail</category>
</categories>
</form>
<form>
<title></title>
<url>/noam/onboarding/products/lfg_hnw/Entity_Unincorporated_Association_AO_Brokerage_COD.htm</url>
<categories>
<category type="product">Brokerage</category>
<category type="account">Unincorporated Association</category>
<category type="business">COD (DVP/RVP)</category>
</categories>
</form>
<form>
<title></title>
<url>/noam/onboarding/products/lfg_hnw/Entity_ERISA_AO_Brokerage_Retail.htm</url>
<categories>
<category type="product">Brokerage</category>
<category type="account">ERISA</category>
<category type="business">Retail</category>
</categories>
</form>
<form>
<title></title>
<url>/noam/onboarding/products/lfg_hnw/Custodial_AO_Brokerage_Retail.htm</url>
<categories>
<category type="product">Brokerage</category>
<category type="account">Custodial (UTMA/UGMA)</category>
<category type="business">Retail</category>
</categories>
</form>
<form>
<title></title>
<url>/noam/onboarding/products/lfg_hnw/Custodial_AO_Brokerage_COD.htm</url>
<categories>
<category type="product">Brokerage</category>
<category type="account">Custodial (UTMA/UGMA)</category>
<category type="business">COD (DVP/RVP)</category>
</categories>
</form>
<form>
<title></title>
<url>/noam/onboarding_latam/products/Latam_Custody.htm</url>
<categories>
<category type="product">Preferred Custody</category>
<category type="account">Individual/Joint</category>
<category type="business">ALL</category>
</categories>
</form>
<form>
<title></title>
<url>/noam/onboarding_latam/products/Latam_Custody.htm</url>
<categories>
<category type="product">Preferred Custody</category>
<category type="account">Corporation/PIC</category>
<category type="business">ALL</category>
</categories>
</form>
<form>
<title></title>
<url>/noam/onboarding_latam/products/Latam_Custody.htm</url>
<categories>
<category type="product">Preferred Custody</category>
<category type="account">CitiTrust</category>
<category type="business">ALL</category>
</categories>
</form>
<form>
<title></title>
<url>/noam/onboarding_latam/products/Latam_Custody.htm</url>
<categories>
<category type="product">Preferred Custody</category>
<category type="account">Non-Citi Trust</category>
<category type="business">ALL</category>
</categories>
</form>
<form>
<title></title>
<url>/noam/onboarding_latam/products/Latam_CIM_US.htm</url>
<categories>
<category type="product">Citi Investment Management (CIM)</category>
<category type="account">Individual/Joint</category>
<category type="business">NY Booked/NY Managed</category>
</categories>
</form>
<form>
<title></title>
<url>/noam/onboarding_latam/products/Latam_CIM_US.htm</url>
<categories>
<category type="product">Citi Investment Management (CIM)</category>
<category type="account">Corporation/PIC</category>
<category type="business">NY Booked/NY Managed</category>
</categories>
</form>
<form>
<title></title>
<url>/noam/onboarding_latam/products/Latam_CIM_US.htm</url>
<categories>
<category type="product">Citi Investment Management (CIM)</category>
<category type="account">Trust</category>
<category type="business">NY Booked/NY Managed</category>
</categories>
</form>
<form>
<title></title>
<url>/noam/onboarding_latam/products/Latam_CIM_US.htm</url>
<categories>
<category type="product">Citi Investment Management (CIM)</category>
<category type="account">LLC</category>
<category type="business">NY Booked/NY Managed</category>
</categories>
</form>
<form>
<title></title>
<url>/noam/onboarding_latam/products/Latam_CIM_US.htm</url>
<categories>
<category type="product">Citi Investment Management (CIM)</category>
<category type="account">Partnership</category>
<category type="business">NY Booked/NY Managed</category>
</categories>
</form>
<form>
<title></title>
<url>/noam/onboarding_latam/products/Latam_CIM_NY.htm</url>
<categories>
<category type="product">Citi Investment Management (CIM)</category>
<category type="account">Individual/Joint</category>
<category type="business">NY Booked/London Managed</category>
</categories>
</form>
<form>
<title></title>
<url>/noam/onboarding_latam/products/Latam_CIM_NY.htm</url>
<categories>
<category type="product">Citi Investment Management (CIM)</category>
<category type="account">Corporation/PIC</category>
<category type="business">NY Booked/London Managed</category>
</categories>
</form>
<form>
<title></title>
<url>/noam/onboarding_latam/products/Latam_CIM_NY.htm</url>
<categories>
<category type="product">Citi Investment Management (CIM)</category>
<category type="account">Trust</category>
<category type="business">NY Booked/London Managed</category>
</categories>
</form>
<form>
<title></title>
<url>/noam/onboarding_latam/products/Latam_CIM_NY.htm</url>
<categories>
<category type="product">Citi Investment Management (CIM)</category>
<category type="account">LLC</category>
<category type="business">NY Booked/London Managed</category>
</categories>
</form>
<form>
<title></title>
<url>/noam/onboarding_latam/products/Latam_CIM_NY.htm</url>
<categories>
<category type="product">Citi Investment Management (CIM)</category>
<category type="account">Partnership</category>
<category type="business">NY Booked/London Managed</category>
</categories>
</form>
<form>
<title></title>
<url>/noam/onboarding_latam/products/Latam_CIM_London.htm</url>
<categories>
<category type="product">Citi Investment Management (CIM)</category>
<category type="account">Individual/Joint</category>
<category type="business">London Booked/London Managed</category>
</categories>
</form>
<form>
<title></title>
<url>/noam/onboarding_latam/products/Latam_CIM_London.htm</url>
<categories>
<category type="product">Citi Investment Management (CIM)</category>
<category type="account">Corporation/PIC</category>
<category type="business">London Booked/London Managed</category>
</categories>
</form>
<form>
<title></title>
<url>/noam/onboarding_latam/products/Latam_CIM_London.htm</url>
<categories>
<category type="product">Citi Investment Management (CIM)</category>
<category type="account">Trust</category>
<category type="business">London Booked/London Managed</category>
</categories>
</form>
<form>
<title></title>
<url>/noam/onboarding_latam/products/Latam_CIM_London.htm</url>
<categories>
<category type="product">Citi Investment Management (CIM)</category>
<category type="account">LLC</category>
<category type="business">London Booked/London Managed</category>
</categories>
</form>
<form>
<title></title>
<url>/noam/onboarding_latam/products/Latam_CIM_London.htm</url>
<categories>
<category type="product">Citi Investment Management (CIM)</category>
<category type="account">Partnership</category>
<category type="business">London Booked/London Managed</category>
</categories>
</form>
<form>
<title></title>
<url>/noam/onboarding_latam/products/Latam_MACS_SICAV.htm</url>
<categories>
<category type="product">Multi Asset Class Solutions (MACS)</category>
<category type="account">Individual/Joint</category>
<category type="business"> SICAV</category>
</categories>
</form>
<form>
<title></title>
<url>/noam/onboarding_latam/products/Latam_MACS_SICAV.htm</url>
<categories>
<category type="product">Multi Asset Class Solutions (MACS)</category>
<category type="account">Corporation/PIC</category>
<category type="business"> SICAV</category>
</categories>
</form>
<form>
<title></title>
<url>/noam/onboarding_latam/products/Latam_MACS_SICAV.htm</url>
<categories>
<category type="product">Multi Asset Class Solutions (MACS)</category>
<category type="account">Trust</category>
<category type="business"> SICAV</category>
</categories>
</form>
<form>
<title></title>
<url>/noam/onboarding_latam/products/Latam_MACS_SICAV.htm</url>
<categories>
<category type="product">Multi Asset Class Solutions (MACS)</category>
<category type="account">LLC</category>
<category type="business"> SICAV</category>
</categories>
</form>
<form>
<title></title>
<url>/noam/onboarding_latam/products/Latam_MACS_SICAV.htm</url>
<categories>
<category type="product">Multi Asset Class Solutions (MACS)</category>
<category type="account">Partnership</category>
<category type="business"> SICAV</category>
</categories>
</form>
<form>
<title></title>
<url>/noam/onboarding_latam/products/Latam_MACS.htm</url>
<categories>
<category type="product">Multi Asset Class Solutions (MACS)</category>
<category type="account">Individual/Joint</category>
<category type="business">Managed Accounts</category>
</categories>
</form>
<form>
<title></title>
<url>/noam/onboarding_latam/products/Latam_MACS.htm</url>
<categories>
<category type="product">Multi Asset Class Solutions (MACS)</category>
<category type="account">Corporation/PIC</category>
<category type="business">Managed Accounts</category>
</categories>
</form>
<form>
<title></title>
<url>/noam/onboarding_latam/products/Latam_MACS.htm</url>
<categories>
<category type="product">Multi Asset Class Solutions (MACS)</category>
<category type="account">Trust</category>
<category type="business">Managed Accounts</category>
</categories>
</form>
<form>
<title></title>
<url>/noam/onboarding_latam/products/Latam_MACS.htm</url>
<categories>
<category type="product">Multi Asset Class Solutions (MACS)</category>
<category type="account">LLC</category>
<category type="business">Managed Accounts</category>
</categories>
</form>
<form>
<title></title>
<url>/noam/onboarding_latam/products/Latam_MACS.htm</url>
<categories>
<category type="product">Multi Asset Class Solutions (MACS)</category>
<category type="account">Partnership</category>
<category type="business">Managed Accounts</category>
</categories>
</form>
<form>
<title></title>
<url>/noam/onboarding_latam/products/Latam_MSP.htm</url>
<categories>
<category type="product">Manager Selection Program (MSP)</category>
<category type="account">Individual/Joint</category>
<category type="business">Separately Managed Accounts</category>
</categories>
</form>
<form>
<title></title>
<url>/noam/onboarding_latam/products/Latam_MSP.htm</url>
<categories>
<category type="product">Manager Selection Program (MSP)</category>
<category type="account">Corporation/PIC</category>
<category type="business">Separately Managed Accounts</category>
</categories>
</form>
<form>
<title></title>
<url>/noam/onboarding_latam/products/Latam_MSP.htm</url>
<categories>
<category type="product">Manager Selection Program (MSP)</category>
<category type="account">Trust</category>
<category type="business">Separately Managed Accounts</category>
</categories>
</form>
<form>
<title></title>
<url>/noam/onboarding_latam/products/Latam_MSP.htm</url>
<categories>
<category type="product">Manager Selection Program (MSP)</category>
<category type="account">LLC</category>
<category type="business">Separately Managed Accounts</category>
</categories>
</form>
<form>
<title></title>
<url>/noam/onboarding_latam/products/Latam_MSP.htm</url>
<categories>
<category type="product">Manager Selection Program (MSP)</category>
<category type="account">Partnership</category>
<category type="business">Separately Managed Accounts</category>
</categories>
</form>
<form>
<title></title>
<url>/noam/onboarding_latam/products/Latam_HF_Discretionary.htm</url>
<categories>
<category type="product">Custom Hedge Fund Portfolios</category>
<category type="account">Individual/Joint</category>
<category type="business">Discretionary</category>
</categories>
</form>
<form>
<title></title>
<url>/noam/onboarding_latam/products/Latam_HF_Discretionary.htm</url>
<categories>
<category type="product">Custom Hedge Fund Portfolios</category>
<category type="account">Corporation/PIC</category>
<category type="business">Discretionary</category>
</categories>
</form>
<form>
<title></title>
<url>/noam/onboarding_latam/products/Latam_HF_Discretionary.htm</url>
<categories>
<category type="product">Custom Hedge Fund Portfolios</category>
<category type="account">Trust</category>
<category type="business">Discretionary</category>
</categories>
</form>
<form>
<title></title>
<url>/noam/onboarding_latam/products/Latam_HF_Discretionary.htm</url>
<categories>
<category type="product">Custom Hedge Fund Portfolios</category>
<category type="account">LLC</category>
<category type="business">Discretionary</category>
</categories>
</form>
<form>
<title></title>
<url>/noam/onboarding_latam/products/Latam_HF_Discretionary.htm</url>
<categories>
<category type="product">Custom Hedge Fund Portfolios</category>
<category type="account">Partnership</category>
<category type="business">Discretionary</category>
</categories>
</form>
<form>
<title></title>
<url>/noam/onboarding_latam/products/Latam_HF_Non-Discretionary.htm</url>
<categories>
<category type="product">Custom Hedge Fund Portfolios</category>
<category type="account">Individual/Joint</category>
<category type="business">Non-Discretionary</category>
</categories>
</form>
<form>
<title></title>
<url>/noam/onboarding_latam/products/Latam_HF_Non-Discretionary.htm</url>
<categories>
<category type="product">Custom Hedge Fund Portfolios</category>
<category type="account">Corporation/PIC</category>
<category type="business">Non-Discretionary</category>
</categories>
</form>
<form>
<title></title>
<url>/noam/onboarding_latam/products/Latam_HF_Non-Discretionary.htm</url>
<categories>
<category type="product">Custom Hedge Fund Portfolios</category>
<category type="account">Trust</category>
<category type="business">Non-Discretionary</category>
</categories>
</form>
<form>
<title></title>
<url>/noam/onboarding_latam/products/Latam_HF_Non-Discretionary.htm</url>
<categories>
<category type="product">Custom Hedge Fund Portfolios</category>
<category type="account">LLC</category>
<category type="business">Non-Discretionary</category>
</categories>
</form>
<form>
<title></title>
<url>/noam/onboarding_latam/products/Latam_HF_Non-Discretionary.htm</url>
<categories>
<category type="product">Custom Hedge Fund Portfolios</category>
<category type="account">Partnership</category>
<category type="business">Non-Discretionary</category>
</categories>
</form>
<form>
<title></title>
<url>/noam/onboarding_latam/products/Latam_MACS_SIC_ETF.htm</url>
<categories>
<category type="product">Multi Asset Class Solutions (MACS)</category>
<category type="account">Individual/Joint</category>
<category type="business">SIC ETF</category>
</categories>
</form>
<form>
<title></title>
<url>/noam/onboarding_latam/products/Latam_MACS_SIC_ETF.htm</url>
<categories>
<category type="product">Multi Asset Class Solutions (MACS)</category>
<category type="account">Corporation/PIC</category>
<category type="business">SIC ETF</category>
</categories>
</form>
<form>
<title></title>
<url>/noam/onboarding_latam/products/Latam_MACS_SIC_ETF.htm</url>
<categories>
<category type="product">Multi Asset Class Solutions (MACS)</category>
<category type="account">Trust</category>
<category type="business">SIC ETF</category>
</categories>
</form>
<form>
<title></title>
<url>/noam/onboarding_latam/products/Latam_MACS_SIC_ETF.htm</url>
<categories>
<category type="product">Multi Asset Class Solutions (MACS)</category>
<category type="account">LLC</category>
<category type="business">SIC ETF</category>
</categories>
</form>
<form>
<title></title>
<url>/noam/onboarding_latam/products/Latam_MACS_SIC_ETF.htm</url>
<categories>
<category type="product">Multi Asset Class Solutions (MACS)</category>
<category type="account">Partnership</category>
<category type="business">SIC ETF</category>
</categories>
</form>
</rss>
