<rss version="2.0">
<form>
<url>/noam/onboarding/products/hnw/HNW_Individual_CRF.htm</url>
<categories>
<category type="account">Individual</category>
<category type="business">U-HNW</category>
</categories>
</form>
<form>
<url>/noam/onboarding/products/lfg/LFG_Individual_CRF_Retail.htm</url>
<categories>
<category type="account">Individual</category>
<category type="business">LFG Retail</category>
</categories>
</form>
<form>
<url>/noam/onboarding/products/lfg/LFG_Individual_CRF_NW5.htm</url>
<categories>
<category type="account">Individual</category>
<category type="business">LFG NW3-5</category>
</categories>
</form>
<form>
<url>/noam/onboarding/products/lfg/PSG_Individual_CRF_Retail.htm</url>
<categories>
<category type="account">Individual</category>
<category type="business">PSG Retail</category>
</categories>
</form>
<form>
<url>/noam/onboarding/products/lfg/PSG_Individual_CRF_NW3.htm</url>
<categories>
<category type="account">Individual</category>
<category type="business">PSG NW3</category>
</categories>
</form>
<form>
<url>/noam/onboarding/products/hnw/HNW_Trust_CRF.htm</url>
<categories>
<category type="account">Trust</category>
<category type="business">U-HNW</category>
</categories>
</form>
<form>
<url>/noam/onboarding/products/lfg/LFG_Retail_Trust_CRF.htm</url>
<categories>
<category type="account">Trust</category>
<category type="business">LFG-PSG Retail</category>
</categories>
</form>
<form>
<url>/noam/onboarding/products/lfg/LFG_PSG_NW35_Trust_CRF.htm</url>
<categories>
<category type="account">Trust</category>
<category type="business">LFG-PSG NW3</category>
</categories>
</form>
<form>
<url>/noam/onboarding/products/hnw/HNW_Estate_CRF.htm</url>
<categories>
<category type="account">Estate</category>
<category type="business">U-HNW</category>
</categories>
</form>
<form>
<url>/noam/onboarding/products/lfg/LFG_Retail_Estate_CRF.htm</url>
<categories>
<category type="account">Estate</category>
<category type="business">LFG-PSG Retail</category>
</categories>
</form>
<form>
<url>/noam/onboarding/products/lfg/LFG_PSG_NW35_Estate_CRF.htm</url>
<categories>
<category type="account">Estate</category>
<category type="business">LFG-PSG NW3</category>
</categories>
</form>
<form>
<url>/noam/onboarding/products/lfg_hnw/Entity_CRF_Corporation_OC.htm</url>
<categories>
<category type="account">Operating Company</category>
<category type="business">Corporation</category>
</categories>
</form>
<form>
<url>/noam/onboarding/products/lfg_hnw/Entity_CRF_General_Partnership_OC.htm</url>
<categories>
<category type="account">Operating Company</category>
<category type="business">General Partnership</category>
</categories>
</form>
<form>
<url>/noam/onboarding/products/lfg_hnw/Entity_CRF_Limited_Partnership_OC.htm</url>
<categories>
<category type="account">Operating Company</category>
<category type="business">Limited Partnership</category>
</categories>
</form>
<form>
<url>/noam/onboarding/products/lfg_hnw/Entity_CRF_LLC_OC.htm</url>
<categories>
<category type="account">Operating Company</category>
<category type="business">Limited Liability Company (LLC)</category>
</categories>
</form>
<form>
<url>/noam/onboarding/products/lfg_hnw/Entity_CRF_Sole_Proprietorship_OC.htm</url>
<categories>
<category type="account">Operating Company</category>
<category type="business">Sole Proprietorship</category>
</categories>
</form>
<form>
<url>/noam/onboarding/products/lfg_hnw/Entity_CRF_Corporation_IRE.htm</url>
<categories>
<category type="account">Individual Related Entity (IRE)</category>
<category type="business">Corporation</category>
</categories>
</form>
<form>
<url>/noam/onboarding/products/lfg_hnw/Entity_CRF_General_Partnership_IRE.htm</url>
<categories>
<category type="account">Individual Related Entity (IRE)</category>
<category type="business">General Partnership</category>
</categories>
</form>
<form>
<url>/noam/onboarding/products/lfg_hnw/Entity_CRF_Limited_Partnership_IRE.htm</url>
<categories>
<category type="account">Individual Related Entity (IRE)</category>
<category type="business">Limited Partnership</category>
</categories>
</form>
<form>
<url>/noam/onboarding/products/lfg_hnw/Entity_CRF_LLC_IRE.htm</url>
<categories>
<category type="account">Individual Related Entity (IRE)</category>
<category type="business">Limited Liability Company (LLC)</category>
</categories>
</form>
<form>
<url>/noam/onboarding/products/lfg_hnw/Entity_CRF_Investment_Manager_Corporation.htm</url>
<categories>
<category type="account">Investment Manager</category>
<category type="business">Corporation</category>
</categories>
</form>
<form>
<url>/noam/onboarding/products/lfg_hnw/Entity_CRF_Investment_Manager_General_Partnership.htm</url>
<categories>
<category type="account">Investment Manager</category>
<category type="business">General Partnership</category>
</categories>
</form>
<form>
<url>/noam/onboarding/products/lfg_hnw/Entity_CRF_Investment_Manager_Limited_Partnership.htm</url>
<categories>
<category type="account">Investment Manager</category>
<category type="business">Limited Partnership</category>
</categories>
</form>
<form>
<url>/noam/onboarding/products/lfg_hnw/Entity_CRF_Investment_Manager_LLC.htm</url>
<categories>
<category type="account">Investment Manager</category>
<category type="business">Limited Liability Company (LLC)</category>
</categories>
</form>
<form>
<url>/noam/onboarding/products/lfg_hnw/Entity_CRF_Investment_Fund_General_Partnership.htm</url>
<categories>
<category type="account">Investment Fund</category>
<category type="business">General Partnership</category>
</categories>
</form>
<form>
<url>/noam/onboarding/products/lfg_hnw/Entity_CRF_Investment_Fund_Limited_Partnership.htm</url>
<categories>
<category type="account">Investment Fund</category>
<category type="business">Limited Partnership</category>
</categories>
</form>
<form>
<url>/noam/onboarding/products/lfg_hnw/Entity_CRF_Investment_Fund_LLC.htm</url>
<categories>
<category type="account">Investment Fund</category>
<category type="business">Limited Liability Company (LLC)</category>
</categories>
</form>
<form>
<url>/noam/onboarding/products/lfg_hnw/Entity_CRF_Foundation_Corporation.htm</url>
<categories>
<category type="account">Foundation</category>
<category type="business">Corporation</category>
</categories>
</form>
<form>
<url>/noam/onboarding/products/lfg_hnw/Entity_CRF_Foundation_Trust.htm</url>
<categories>
<category type="account">Foundation</category>
<category type="business">Trust</category>
</categories>
</form>
<form>
<url>/noam/onboarding/products/lfg_hnw/Entity_CRF_NFP_Corporation.htm</url>
<categories>
<category type="account">Non-For-Profit</category>
<category type="business">Corporation</category>
</categories>
</form>
<form>
<url>/noam/onboarding/products/lfg_hnw/Entity_CRF_NFP_Trust.htm</url>
<categories>
<category type="account">Non-For-Profit</category>
<category type="business">Trust</category>
</categories>
</form>
<form>
<url>/noam/onboarding/products/lfg_hnw/Entity_CRF_Pension_Plan.htm</url>
<categories>
<category type="account">Pension Plan</category>
<category type="business">ALL</category>
</categories>
</form>
</rss>
