<?xml version="1.0" ?> 
<rss version="2.0">
	<channel>

		<title>Onboarding - What's New?</title>
		<link>https://www.privatebank.citigroup.net/noam/onboarding/whatsnew.htm</link>
		<description>Subscribing to this will make it appear in your MS Outlook RSS feeds sections.</description>
		<image><url>/common-media/images/logos/citiPrivateBank.gif</url><link>
		https://www.privatebank.citigroup.net/noam/onboarding/</link></image>
		<webMaster>*CPB KC Intranet</webMaster>

<!-- Please place each item under here. -->
<item> 
	  <title>RCD Conversion This Week, Credit Card Updates, and Escalation Mailbox Reminder</title>
	  <link>/noam/onboarding/common-media/docs/banking/Banking_and_custody_update_Feb_23_2016.msg</link>
	  <author>Cheyenne Lewis</author>
	  <description><![CDATA[
<p>The majority of CPB Clients with Remote Check Deposit are scheduled to convert to the new system (Wausau) the week of February 24. Clients have been notified by mail of the upcoming conversion and have been provided with key highlights and preparation steps regarding the change</p>
<p><a href="https://www.privatebank.citigroup.net/noam/onboarding/common-media/docs/banking/Banking_and_custody_update_Feb_23_2016.msg" target="_blank">Click here</a> to view.</p>
	]]></description>
	<teaser>asdfa</teaser>	
	  <pubDate>02/23/2016</pubDate>
	  <category>Banking</category>
</item>

<item> 
	  <title>Changes to the Credit Card Escalation Mailbox</title>
	  <link>/noam/onboarding/common-media/docs/banking/Banking_and_custody_update_Feb_12_2016.msg</link>
	  <author>Cheyenne Lewis</author>
	  <description><![CDATA[
<p>Effective immediately, please be advised that the credit card escalation mailbox has changed from “Credit Escalation” to “NA Credit Escalation”. This mailbox is used to send appeal requests for credit card application declines, credit line increases, and reopens</p>
<p><a href="https://www.privatebank.citigroup.net/noam/onboarding/common-media/docs/banking/Banking_and_custody_update_Feb_12_2016.msg" target="_blank">Click here</a> to view.</p>
	]]></description>
	<teaser>asdfa</teaser>	
	  <pubDate>02/12/2016</pubDate>
	  <category>Banking</category>
</item>
<item> 
	  <title>Banking and Custody Product Updates </title>
	  <link>/noam/onboarding/common-media/docs/banking/Banking_and_custody_update_Feb_2_2016.msg</link>
	  <author>Cheyenne Lewis</author>
	  <description><![CDATA[
<p>Banking & Custody Product Updates – RCD Compatibility Update, Understanding Credit Card Spending Limits, & Bank of Japan’s Negative Rates</p>
<p><a href="/noam/onboarding/common-media/docs/banking/Banking_and_custody_update_Feb_2_2016.msg" target="_blank">Click here</a> to view.</p>
	]]></description>
	<teaser>asdfa</teaser>	
	  <pubDate>02/02/2016</pubDate>
	  <category>Banking</category>
</item>
<item> 
	  <title>Banking and Custody Product Updates </title>
	  <link>/noam/onboarding/common-media/docs/banking/Banking_and_custody_update_Jan_2016.msg</link>
	  <author>Cheyenne Lewis</author>
	  <description><![CDATA[
<p>Banking & Custody Product Updates – Key Highlights of CitiBusiness Applications, Policies, and Procedures Training</p>
<p><a href="/noam/onboarding/common-media/docs/banking/Banking_and_custody_update_Jan_19_2016.msg" target="_blank">Click here</a> to view.</p>
	]]></description>
	<teaser>asdfa</teaser>	
	  <pubDate>01/19/2016</pubDate>
	  <category>Banking</category>
</item>



<item> 
	  <title>Banking and Custody Product Updates </title>
	  <link>/noam/onboarding/common-media/docs/banking/Banking_and_custody_update_Jan_2016.msg</link>
	  <author>Cheyenne Lewis</author>
	  <description><![CDATA[
<p>Banking & Custody Product Updates – CitiBusiness Online Training, Windows 10 Incompatibility with RCD, Changes to Credit Card T&Cs, Digital Student Credit Card Application</p>
<p><a href="/noam/onboarding/common-media/docs/banking/Banking_and_custody_update_Jan_2016.msg" target="_blank">Click here</a> to view.</p>
	]]></description>
	<teaser>asdfa</teaser>	
	  <pubDate>13/01/2016</pubDate>
	  <category>Banking</category>
</item>




<item> 
	  <title>In the News from Banking and Custody </title>
	  <link>/noam/onboarding/common-media/docs/banking/in_the_news.doc</link>
	  <author>Cheyenne Lewis</author>
	  <description><![CDATA[
<p>The Banking & Custody Team would like to share the following articles of interest on Banking, Custody and Escrow.</p>
<p><a href="/noam/onboarding/common-media/docs/banking/in_the_news.doc" target="_blank">Click here</a> to view.</p>
	]]></description>
	<teaser>asdfa</teaser>	
	  <pubDate>11/19/2015</pubDate>
	  <category>Banking</category>
</item>



<item> 
	  <title>Overdraft Policy for Day to Day Savings Accounts – Statement Message</title>
	  <link>https://www.privatebank.citigroup.net/noam/onboarding/common-media/docs/banking/CPB_Comms_Overdraft_Policy_Day_to_Day.doc</link>
	  <author>Cheyenne Lewis</author>
	  <description><![CDATA[
<p>Clients that have a Day to Day Savings Account will see in their next monthly account statement a statement message regarding Citibank’s overdraft policy from November 23, 2015 through December 22, 2015.  </p>
<p><a href="https://www.privatebank.citigroup.net/noam/onboarding/common-media/docs/banking/CPB_Comms_Overdraft_Policy_Day_to_Day.doc" target="_blank">Click here</a> to view.</p>
	]]></description>
	<teaser>asdfa</teaser>	
	  <pubDate>11/12/2015</pubDate>
	  <category>Banking</category>
</item>



<item> 
	  <title>NEW Application Kits – Available on 10/26/2015!</title>
	  <link>https://www.privatebank.citigroup.net/noam/onboarding/common-media/docs/banking/communication_for_Bkg_kits_Updates_FINAL_102915.doc</link>
	  <author>Cheyenne Lewis</author>
	  <description><![CDATA[
<p>Please note revised version date from 10/22 CPB Exchange communication for Client Relationship Agreement (CRA) / Integrated Account Opening application. Effective October 26, 2015, new Client Relationship Agreement (CRA) / Integrated Account Opening and CitiFolio Terms and Conditions dated 10/15 is now available for new client applications. </p>
<p><a href="https://www.privatebank.citigroup.net/noam/onboarding/common-media/docs/banking/communication_for_Bkg_kits_Updates_FINAL_102915.doc" target="_blank">Click here</a> to view.</p>
	]]></description>
	<teaser>asdfa</teaser>	
	  <pubDate>10/28/2015</pubDate>
	  <category>Banking</category>
</item>

<item> 
	  <title>NEW CitiFolio/CRA Banking Terms and Conditions: Banker Attestation Form – Available on 11/2/2015!</title>
	  <link>https://www.privatebank.citigroup.net/noam/onboarding/common-media/docs/banking/CPB_communication_TC_Attestation_102815_FINAL.doc</link>
	  <author>Cheyenne Lewis</author>
	  <description><![CDATA[
<p>Effective November 2, 2015, new “CitiFolio/CRA Banking Terms & Conditions: Banker Attestation” form will be made available via the Onboarding portal. This document contains guidelines and banker attestation for the physical delivery of Terms & Conditions to new clients prior to or at account opening.</p>
<p><a href="https://www.privatebank.citigroup.net/noam/onboarding/common-media/docs/banking/CPB_communication_TC_Attestation_102815_FINAL.doc" target="_blank">Click here</a> to view.</p>
	]]></description>
	<teaser>asdfa</teaser>	
	  <pubDate>10/28/2015</pubDate>
	  <category>Banking</category>
</item>

<item> 
	  <title>Market Deposit Account (MDA) Product Name Change</title>
	  <link>https://www.privatebank.citigroup.net/noam/onboarding/common-media/docs/banking/market_deposit_account_MDA_Product_name_change.doc</link>
	  <author>Cheyenne Lewis</author>
	  <description><![CDATA[
<p>Effective October 30, 2015, the product known as “Market Deposit Account” will be renamed in an effort to streamline our sweep vehicle product offering.</p>
<p><a href="https://www.privatebank.citigroup.net/noam/onboarding/common-media/docs/banking/market_deposit_account_MDA_Product_name_change.doc" target="_blank">Click here</a> to view.</p>
	]]></description>
	<teaser>asdfa</teaser>	
	  <pubDate>10/28/2015</pubDate>
	  <category>Banking</category>
</item>

<item> 
	  <title>New Addendum To Business General Deposit Resolution For Law Firms</title>
	  <link>/noam/onboarding/common-media/docs/banking/CPB_Addendum_Business_General_Deposit.doc</link>
	  <author>Cheyenne Lewis</author>
	  <description><![CDATA[
<p>Effective October 26th, 2015: A new “Addendum To Business General Deposit Resolution For Law Firms” will be made available and will replace the “Supplement To Partnership Declaration and Agreement (For Law Firms)”.</p>
<p><a href="https://www.privatebank.citigroup.net/noam/onboarding/common-media/docs/banking/CPB_Addendum_Business_General_Deposit.doc" target="_blank">Click here</a> to view.</p>
	]]></description>
	<teaser>asdfa</teaser>	
	  <pubDate>10/21/2015</pubDate>
	  <category>Banking</category>
</item>

<item> 
	  <title>Client Relationship Agreement (CRA) and CitiFolio Updates</title>
	  <link>/noam/onboarding/common-media/docs/banking/CPB_Exchange_Communication_for_Bkg_kits.doc</link>
	  <author>Cheyenne Lewis</author>
	  <description><![CDATA[
<p>Effective October 26, 2015, new Client Relationship Agreement (CRA) / Integrated Account Opening and CitiFolio Terms and Conditions dated 10/15 will be available for new client applications. Please note there is no change to the current CitiFolio Application dated 7/15. </p>
<p><a href="https://www.privatebank.citigroup.net/noam/onboarding/common-media/docs/banking/CPB_Exchange_Communication_for_Bkg_kits.doc" target="_blank">Click here</a> to view.</p>
	]]></description>
	<teaser>asdfa</teaser>	
	  <pubDate>10/21/2015</pubDate>
	  <category>Banking</category>
</item>

<item> 
	  <title>Preferred Custody and Investors Account Update</title>
	  <link>/noam/onboarding/common-media/docs/banking/CPB_Exchange_Communication_Custody_Investor_Apps.doc</link>
	  <author>Cheyenne Lewis</author>
	  <description><![CDATA[
<p>Effective October 26, 2015: New standalone Preferred Custody & Investor account applications dated 10/15 will be available on the Onboarding Portal.</p>
<p><a href="https://www.privatebank.citigroup.net/noam/onboarding/common-media/docs/banking/CPB_Exchange_Communication_Custody_Investor_Apps.doc" target="_blank">Click here</a> to view.</p>
	]]></description>
	<teaser>asdfa</teaser>	
	  <pubDate>10/21/2015</pubDate>
	  <category>Banking</category>
</item>

<item> 
	  <title>Remote Check Deposit (RCD) Conversion Update</title>
	  <link>/noam/onboarding/common-media/docs/banking/CPB_Exchange_Remote_Check_Deposit.doc</link>
	  <author>Cheyenne Lewis</author>
	  <description><![CDATA[
<p>Effective October 1st through November 15th, Remote Check Deposit (RCD) will implement a blackout period for new enrollments to the RCD system.</p>
<p><a href="https://www.privatebank.citigroup.net/noam/onboarding/common-media/docs/banking/CPB_Exchange_Remote_Check_Deposit.doc" target="_blank">Click here</a> to view.</p>
	]]></description>
	<teaser>asdfa</teaser>	
	  <pubDate>10/21/2015</pubDate>
	  <category>Banking</category>
</item>

<item> 
	  <title>New Supplement to Form W-8BEN </title>
	  <link>https://www.privatebank.citigroup.net/noam/kc/forms/docs/explain_us_address.doc</link>
	  <author>Gina Robalino</author>
	  <description><![CDATA[
<p>The Letter of Explanation (sometimes referred to as a Cure Letter) has been updated to include more granular reasons for situations such as when a client uses a US address on a
W-8BEN. The Supplement to Form W-8BEN has been posted to the Onboarding Portal.</p>
<p><a href="https://www.privatebank.citigroup.net/noam/kc/forms/docs/explain_us_address.doc" target="_blank">Click here</a> to view.</p>
	]]></description>
	<teaser>asdfa</teaser>	
	  <pubDate>10/01/2015</pubDate>
	  <category>Tax</category>
</item>

<item> 
	  <title>Effective immediately, the Minor Account Policy has been updated</title>
	  <link>https://www.privatebank.citigroup.net/applications/onesource/noam/docs/Requirements_and_Processes_for_Opening_Accounts_for_Minor.pdf</link>
	  <author>Julie Chu</author>
	  <description><![CDATA[
<p>CPB will no longer require indemnification letter to open joint Checking minor accounts for a 16 and 17 years old. Letter is still required if the client requests to open a Money Market account.</p>
<p>Please <a href="https://www.privatebank.citigroup.net/applications/onesource/noam/docs/Requirements_and_Processes_for_Opening_Accounts_for_Minor.pdf" target="_blank">click here</a> for more details on the changes to the Minor Account requirements.</p>
	]]></description>
	<teaser>asdfa</teaser>	
	  <pubDate>10/01/2015</pubDate>
	  <category>Banking</category>
</item>

<item> 
	  <title>Effective November 1, Trust Conversion Process will no longer be available </title>
	  <link>/noam/onboarding/common-media/docs/banking/Citi_Alerts_Trust_Conversion_Process.pdf</link>
	  <author>Julie Chu</author>
	  <description><![CDATA[
<p>Due to recent release of FATCA requirements, the Consumer Bank has updated the system to accommodate tax certification reporting requirements </p>
<p><a href="/noam/onboarding/common-media/docs/banking/Citi_Alerts_Trust_Conversion_Process.pdf" target="_blank">Click here</a> for the full announcement.</p>
	]]></description>
	<teaser>asdfa</teaser>	
	  <pubDate>10/01/2015</pubDate>
	  <category>Banking</category>
</item>

<item> 
	  <title>The Deposit Challenge- July Top Performers</title>
	  <link>/noam/onboarding/common-media/docs/banking/CPB_Communications_Updates_Deposit_Challenge_2015.doc</link>
	  <author>Cheyenne Lewis</author>
	  <description><![CDATA[
<p>The Deposit Challenge began in order to grow high LCR value deposits. The main focus of this campaign is to bring on new, high LCR value deposits while acknowledging the hard work of the Associate Bankers who are helping us reach our LCR goals. </p>
<p><a href="/noam/onboarding/common-media/docs/banking/CPB_Communications_Updates_Deposit_Challenge_2015.doc" target="_blank">Click here</a> for the full announcement.</p>
	]]></description>
	<teaser>asdfa</teaser>	
	  <pubDate>09/29/2015</pubDate>
	  <category>Banking</category>
</item>

<item> 
	  <title>EMV Chip Card - Re-Issuance of ATM and Debit Cards</title>
	  <link>/noam/onboarding/common-media/docs/banking/CPB_Communications_Updates_EMV_090115.doc</link>
	  <author>Cheyenne Lewis</author>
	  <description><![CDATA[
<p>Effective August 28, 2015 Citibank will begin converting all ATM and Debit Cards to Chip Technology. </p>
<p><a href="/noam/onboarding/common-media/docs/banking/CPB_Communications_Updates_EMV_090115.doc" target="_blank">Click here</a> for the full announcement.</p>
	]]></description>
	<teaser>asdfa</teaser>	
	  <pubDate>09/02/2015</pubDate>
	  <category>Banking</category>
</item>

<item> 
	  <title>Business General Deposit Resolution</title>
	  <link>/noam/onboarding/common-media/docs/banking/CPB_Communications_Updates_Business_General_Deposit_Resolution.doc</link>
	  <author>Cheyenne Lewis</author>
	  <description><![CDATA[
<p>Effective September 8th, 2015: A new Business – General Deposit Resolution form will be made available and will replace all existing Business resolutions.</p>
<p><a href="/noam/onboarding/common-media/docs/banking/CPB_Communications_Updates_Business_General_Deposit_Resolution.doc" target="_blank">Click here</a> for the full announcement.</p>
	]]></description>
	<teaser>asdfa</teaser>	
	  <pubDate>09/02/2015</pubDate>
	  <category>Banking</category>
</item>


<item> 
	  <title>Annual Business Banking Pricing Changes</title>
	  <link>/noam/onboarding/common-media/docs/banking/banking_pricing_changes.msg</link>
	  <author>Cheyenne Lewis</author>
	  <description><![CDATA[
<p>Over the next few weeks all business banking clients will receive the annual business banking and cash management re-pricing letter. This is the standard annual letter that is mailed every year at the end of July and goes into effect on October 1st.</p>
<p><a href="/noam/onboarding/common-media/docs/banking/banking_pricing_changes.msg" target="_blank">Click here</a> for the full announcement.</p>
	]]></description>
	<teaser>asdfa</teaser>	
	  <pubDate>07/28/2015</pubDate>
	  <category>Banking</category>
</item>
<item> 
	  <title>Product and Educational Series Updates</title>
	  <link>/noam/onboarding/common-media/docs/banking/educational_series_updates.msg</link>
	  <author>Cheyenne Lewis</author>
	  <description><![CDATA[
<p>The Summer Educational Series has been reformatted. In August and September we will be holding one monthly session each month for an hour covering various topics including high LCR products, Online Banking and Credit Cards.</p>
<p><a href="/noam/onboarding/common-media/docs/banking/educational_series_updates.msg" target="_blank">Click here</a> for the full announcement.</p>
	]]></description>
	<teaser>asdfa</teaser>	
	  <pubDate>07/28/2015</pubDate>
	  <category>Banking</category>
</item>
<item> 
	  <title>New Application Kits</title>
	  <link>/noam/onboarding/common-media/docs/banking/cpb_exchange_updated_kits.doc</link>
	  <author>Cheyenne Lewis</author>
	  <description><![CDATA[
<p>Effective July 18, 2015, new Client Relationship Agreement (CRA) / Integrated Account Opening and CitiFolio application kits, version date of 7/15, are available for ordering.</p>
<p><a href="/noam/onboarding/common-media/docs/banking/cpb_exchange_updated_kits.doc" target="_blank">Click here</a> for the full announcement.</p>
	]]>
	</description>
	<teaser>asdfa</teaser>	
	  <pubDate>07/14/2015</pubDate>
	  <category>Banking</category>
</item>
<item> 
	  <title>Removal of Foreign Wire Access to Reduce Client Fraud Risk</title>
	  <link>/noam/onboarding/common-media/docs/banking/removal_foreign_wire.msg</link>
	  <author>Cheyenne Lewis</author>
	  <description><![CDATA[
<p>Citi and the broader banking industry has seen an increase in Cyber criminals defrauding online banking clients through various scams that involve duping clients into unknowingly making fraudulent foreign wire payments. In an effort to further protect your clients from online fraud, foreign wire activity has been reviewed for wire entitled CitiBusiness® Online businesses.</p>
<p><a href="/noam/onboarding/common-media/docs/banking/removal_foreign_wire.msg" target="_blank">Click here</a> for the full announcement.</p>
	]]>
	</description>
	<teaser>asdfa</teaser>	
	  <pubDate>06/24/2015</pubDate>
	  <category>Banking</category>
</item>

<item> 
	  <title>CitiBusiness Mobile is here</title>
	  <link>/noam/onboarding/common-media/docs/banking/fw_citibusiness_online_updates.msg</link>
	  <author>Cheyenne Lewis</author>
	  <description><![CDATA[
<p>This month Citi launched CitiBusiness Mobile! CitiBusiness Online Users through their mobile phone or tablet will be able to view balances and account activity, perform internal account transfers and approve financial transactions. Later this year, wires and Positive Pay will be added to this platform.</p>
<p><a href="/noam/onboarding/common-media/docs/banking/fw_citibusiness_online_updates.msg" target="_blank">Click here</a> for the full announcement.</p>
<p><a href="/noam/onboarding/common-media/docs/banking/citibusiness_mobile_screen_shots.pdf" target="_blank">Click here</a> mobile screen shots (For internal use only)</p>
	]]>
	</description>
	<teaser>asdfa</teaser>	
	  <pubDate>06/24/2015</pubDate>
	  <category>Banking</category>
</item>

<item> 
	  <title>Annual Fee Rebate</title>
	  <link>/noam/onboarding/common-media/docs/banking/cpb_exchange_fee_rebate.pdf</link>
	  <author>Cheyenne Lewis</author>
	  <description><![CDATA[
<p>Effective Immediately: The credit card annual fee rebate program has removed the “one-time” feature of the program. For clients who had their annual fee “rebated” October 2014 onward, they may qualify for another annual fee rebate on the membership anniversary date.</p>
<p><a href="/noam/onboarding/common-media/docs/banking/cpb_exchange_fee_rebate.pdf" target="_blank">Click here</a> for the full announcement.</p>
	]]>
	</description>
	<teaser>asdfa</teaser>	
	  <pubDate>06/22/2015</pubDate>
	  <category>Banking</category>
</item>

<item> 
	  <title>Australian Amendment</title>
	  <link>/noam/onboarding/common-media/docs/banking/cpb_exchange_amdt_australian.doc</link>
	  <author>Jeannie Dubbels</author>
	  <description><![CDATA[
<p>Effective Immediately: This latest amendment is a notice to Australian Resident clients advising of which regulatory bodies Citibank N.A. is governed under.</p>
<p><a href="/noam/onboarding/common-media/docs/banking/cpb_exchange_amdt_australian.doc" target="_blank">Click here</a> for the full announcement.</p>
	]]>
	</description>
	<teaser>asdfa</teaser>	
	  <pubDate>06/09/2015</pubDate>
	  <category>Banking</category>
</item>

<item> 
	  <title>New Application Kits</title>
	   <link>/noam/onboarding/common-media/docs/banking/cpb_application_kits.doc</link>
	  <author>Jeannie Dubbels</author>
	  <description><![CDATA[
<p>Effective May 8, 2015, new Client Relationship Agreement (CRA) / Integrated Account Opening and CitiFolio application kits, version date of 1/15 v2, are available for ordering.</p>
<p><a href="/noam/onboarding/common-media/docs/banking/cpb_application_kits.doc" target="_blank">Click here</a> for the full announcement.</p>
	]]>
	</description>
	<teaser>asdfa</teaser>	
	  <pubDate>05/05/2015</pubDate>
	  <category>Banking</category>
</item>

<item> 
	  <title>Premier Card Benefits and Other Offerings</title>
	  <link>/noam/onboarding/common-media/docs/banking/premier_card_benefits.doc</link>
	  <author>Jeannie Dubbels</author>
	  <description><![CDATA[
<p>Effective April 19, 2015, the Citi ThankYou Premier card will change to bring cardholders more value for everyday purchases, travel and rewards</p>
<p><a href="/noam/onboarding/common-media/docs/banking/premier_card_benefits.doc" target="_blank">Click here</a> for the full announcement.</p>
	]]>
	</description>
	<teaser>asdfa</teaser>	
	  <pubDate>04/15/2015</pubDate>
	  <category>Banking</category>
</item>

<item> 
	  <title>Minimum Maturity Deposit Product</title>
	  <author>Cheyenne Lewis</author>
	  <description><![CDATA[
<p>This week we launched the new LCR product – Minimum Maturity Deposit Product (MMDP) 
Please join us for one of the following sessions to learn more about the product’s features. 
</p><br/>
<table width="100%" border="0">
  <tr>
    <td><p><b>Friday, April 10th @ 1:30pm ET</b><br/>
Conference Room:  24th Floor - NYC<br/>
<a href="https://citigroup.webex.com/citigroup/j.php?J=643682275&PW=67935ad6df28031b5055540b0659" target="_blank">WebEx</a>
</p></td>
    <td><p><b>Monday, April 13th @ 11:30am ET</b><br/>
Conference Room:  24th Floor - NYC<br/>
<a href="https://citigroup.webex.com/citigroup/j.php?J=647131328&PW=67935ad6df28031b5055540b0659" target="_blank">WebEx</a>
</p></td>
  </tr>
</table>]]>
	</description>
	<teaser>asdfa</teaser>	
	  <pubDate>04/09/2015</pubDate>
	  <category>Banking</category>
</item>
<item> 
	  <title>Negative Interest Rate Notice</title>
	  <link>https://www.privatebank.citigroup.net/applications/onesource/noam/docs/Negative_Currency_Notice_April_6_2015.pdf</link>
	  <author>Cheyenne Lewis</author>
	  <description><![CDATA[
<p>The <a href="https://www.privatebank.citigroup.net/applications/onesource/noam/docs/Negative_Currency_Notice_April_6_2015.pdf" target="_blank">attached announcement</a> was mailed with March statement to all clients. This letter advises that we may, starting as early as May 15, 2015, pass negative interest rate costs for the following currencies: </p><br/>
<pre>
• Euro – EUR
• Swiss Franc – CHK
• Danish Krone  – DKK 
• Swedish Krone – SEK 
</pre><br/>
<p>We are still working through the technical development to pass along these charges. An announcement will go out when charges will be assessed.</p>]]>
	</description>
	<teaser>asdfa</teaser>	
	  <pubDate>04/06/2015</pubDate>
	  <category>Banking</category>
</item>
<item> 
	  <title>New CitiBusiness Online Application Effective April 20th</title>
	  <link>/noam/onboarding/common-media/docs/banking/150420_cbol_app_updated.msg</link>
	  <author>Cheyenne Lewis</author>
	  <description><![CDATA[
<p>Please be advised, the attached CitiBusiness Online Enrollment Form (NFC0417CB) has been updated on the National Forms website.  Starting April 20th, any previous version of the CitiBusiness Online Enrollment Form will not be accepted for processing due to changes in content and legal agreement.</u></p>
<p><a href="/noam/onboarding/common-media/docs/banking/150420_cbol_app_updated.msg" target="_blank">Click here</a> for the full announcement.</p>
	]]>
	</description>
	<teaser>asdfa</teaser>	
	  <pubDate>03/27/2015</pubDate>
	  <category>Banking</category>
</item>

<item> 
	  <title>Update for Banking Terms and Conditions Marketplace Addendum</title>
	  <link>/noam/onboarding/common-media/docs/banking/marketplace_addendum.doc</link>
	  <author>Jeannie Dubbels</author>
	  <description><![CDATA[
<p>Effective immediately, be sure to include the latest amendment (regarding Quicken enrollment) into all Client Relationship Agreement (CRA) / Integrated Kit and CitiFolio kits - <u>prior to distribution.</u></p>
<p><a href="/noam/onboarding/common-media/docs/banking/marketplace_addendum.doc" target="_blank">Click here</a> for the full announcement.</p>
	]]>
	</description>
	<teaser>asdfa</teaser>	
	  <pubDate>03/02/2015</pubDate>
	  <category>Banking</category>
</item>

<item> 
	  <title>Update for Banking Terms and Conditions</title>
	  <link>/noam/onboarding/common-media/docs/banking/certificates_of_deposits.doc</link>
	  <author>Jeannie Dubbels</author>
	  <description><![CDATA[
<p>Effective immediately, the “Certificates of Deposits” section is updated including the sub-sections “Rate Information”, “When Interest Begins to Accrue” and “Automatic Renewal and Grace Period.”</p>
<p><a href="/noam/onboarding/common-media/docs/banking/certificates_of_deposits.doc" target="_blank">Click here</a> for the full announcement.</p>
	]]>
	</description>
	<teaser>asdfa</teaser>	
	  <pubDate>02/24/2015</pubDate>
	  <category>Banking</category>
</item>
<item> 
	  <title>Credit Card Updated Terms and Conditions</title>
	  <link>/noam/onboarding/common-media/docs/banking/credit_card_terms_and_conditions.doc</link>
	  <author>Jeannie Dubbels</author>
	  <description><![CDATA[
<p>Effective immediately, updated credit card terms and conditions are available through the Onboarding and Banking Product intranet pages. </p>
<p><a href="/noam/onboarding/common-media/docs/banking/credit_card_terms_and_conditions.doc" target="_blank">Click here</a> for the full announcement.</p>
	]]>
	</description>
	<teaser>asdfa</teaser>
	  <pubDate>02/05/2015</pubDate>
	  <category>Banking</category>
</item>
<item> 
	  <title>General Account Application and Agreement – Brokerage and Investment Management</title>
	  <link>https://collaboration.cmb.citigroup.net/sites/coopm/onboarding_site/documents/Investment_Management_Application.pdf</link>
	  <author>Kathy Chung</author>
	  <description><![CDATA[
<p>Updated - An updated Brokerage and Investment Management General Account Application and Agreement is available. The key updates include:</p>
<div class="list-A3">
	</ul>
		<p>•   Additional clarity in the Account Details section with the introduction of sub-sections.</p>
        <p>•   New sub-sections for Corporate, Company, or Partnership accounts and for Trusts, Estates, Pension/Profit Sharing Plans and Other Fiduciary accounts.</p>
		</ul> </div>
<p>The <a href="https://collaboration.cmb.citigroup.net/sites/coopm/onboarding_site/documents/Investment_Management_Application.pdf" target="_blank">Application</a>, dated 01/2015 is currently available through the portal. We are working with the OneSource team to determine an updated release date online.  Users can continue to use the current version 12/14 if needed.</p>
	]]>
	</description>
	<teaser>asdfa</teaser>
	  <pubDate>01/15/2015</pubDate>
	  <category>Investment</category>
</item>

<item> 
	  <title>New Materials for Banking Products</title>
	  <author>Jeannie Dubbels</author>
	  <description><![CDATA[
<p>NAM Banking & Cash Management</p>
<div class="list-A3">
	</ul>
		<p>•	<strong><u>Latest CRA and CitiFolio Application Kits:</u></strong> Version date of 1/15: Revised applications, and terms and conditions documents will be available through OneSource and the Onboarding Portal on <strong>January 23, 2015.</strong> Read more about the latest changes: <a href="/noam/onboarding/common-media/docs/banking/cpb_exchange_jan_2015_kits_v2.doc" target="_blank">click here.</a></p>
        <p>•	<strong><u>NEW! Banking Playback:</u></strong> This new process – in effect <strong>January 23, 2015</strong> - ensures that an <u>existing client</u> with an <u>existing CRA/CitiFolio</u> on file who is now requesting a banking deposit <u>for the first time</u> receives the latest banking terms and conditions disclosures. To learn more about this new process: <a href="/noam/onboarding/common-media/docs/banking/cpb_exchange_banking_playback_v3.doc" target="_blank">click here.</a></p>
		<p>•	<strong><u>Upcoming Changes to Credit Cards:</u></strong> The benefits to the Citi ThankYou Premier Card and Citi / AAdvantage Platinum Select cards will be refreshed effective April 19, 2015.  In advance of the changes, a supplemental disclosure will be included in current CitiFolio Credit Card Disclosures for use beginning <strong>January 22, 2015.</strong>  To learn more about the changes, including an FAQ: <a href="/noam/onboarding/common-media/docs/banking/cpb_exchange_thankyou_premier_v6.doc" target="_blank">click here.</a></p>
	</ul>
	</div>]]></description>
	<teaser>asdfa</teaser>
	  <pubDate>01/15/2015</pubDate>
	  <category>Banking</category>
</item>
<item> 
	  <title>Revised Terms and Conditions Amendments</title>
	  <link>/noam/onboarding/common-media/docs/banking/terms_conditions.doc</link>
	  <author>Jeannie Dubbels</author>
	  <description><![CDATA[<p>Effective immediately, be sure to include the latest amendment into all Client Relationship Agreement (CRA) / Integrated Kit and CitiFolio kits - prior to distribution.</p>
<p><a href="/noam/onboarding/common-media/docs/banking/terms_conditions.doc" target="_blank">Click here</a> for the full announcement.</p>]]></description>
	<teaser>asdfa</teaser>
	  <pubDate>01/07/2015</pubDate>
	  <category>Banking</category>
</item>
<item> 
	  <title>Revised Client Relationship Agreement and CitiFolio application</title>
	  <link>/noam/onboarding/common-media/docs/banking/CPB_exchange_apps_updates.pdf</link>
	  <author>Jeannie Dubbels</author>
	  <description><![CDATA[<p>A revised Client Relationship Agreement (CRA) application and revised CitiFolio will be available through OneSource and the Onboarding Portal. The version date of the applications you will find are:</p>
<div class="list-A3">
	</ul>
		<p>•	CRA: Version date:(11/14 v2)</p>
        <p>•	Citifolio: Version date: (9/14 v2)</p>
	</ul>
	</div>
<p><a href="/noam/onboarding/common-media/docs/banking/CPB_exchange_apps_updates.pdf" target="_blank">Click here</a> for the full announcement.</p>]]></description>
	<teaser>asdfa</teaser>
	  <pubDate>12/19/2014</pubDate>
	  <category>Banking</category>
</item>
<item> 
	  <title>Updated: General Account Application and Agreement – Brokerage and Investment Management</title>
	  <link>https://collaboration.cmb.citigroup.net/sites/coopm/onboarding_site/documents/Investment_Management_Application.pdf</link>
	  <author>Kathy Chung</author>
	  <description><![CDATA[<p>An updated Brokerage and Investment Management General Account Application and Agreement is available. The key updates include:</p> 
	 <div class="list-A3"><ul>
		<p>•	Section for MIFT approved phone numbers</p>
		<p>•	Additional fields to allow the same application to be used to open Brokerage accounts, including alternate mail instructions, and selection for borrowing privileges</p>
		<p>•	The <a href="https://collaboration.cmb.citigroup.net/sites/coopm/onboarding_site/documents/Investment_Management_Application.pdf" target="_blank">Application</a>, dated 12/2014 is currently available through the portal.  We are working with the OneSource team to determine an updated release date online.  Users can continue to use the current OneSource version for Investment Management requests.</p>
		</ul>
	</div>]]></description>
	<teaser> asdfa</teaser>
	  <pubDate>12/18/2014</pubDate>
	  <category>Brokerage</category>
</item>
<item> 
	  <title>Updated Business Risk Memo (BRM) Policy</title>
	  <author>Andrea Halili and Julie Chu</author>
	  <description><![CDATA[<p>The Business Risk Memo (BRM) and policy have been updated. The policy now includes Preferred Custody accounts and the expiration date of the Preliminary Letters Testamentary has been amended to coincide with the period that the Preliminary Letters is valid for. BRM is also no longer required for Tenants by Entirety and Tenants in Common accounts. The revised policy and BRM form, which is effective immediately, are located on the On-Boarding site <a href="/noam/onboarding/products/product_wizard.htm" target="_blank">here</a>.</p> 
	  <p>For more information, please contact:</p>
	 <div class="list-A3"><ul>
		<p>•  Julie Chu - 718-248-6887</p>
		<p>•  Andrea Halili - 718-248-8708</p>
		</ul>
	</div>]]></description>
	<teaser> asdfa</teaser>
	  <pubDate>12/11/2014</pubDate>
	  <category>Onboarding</category>
</item>
<item> 
	  <title>NEW Substitute W9 – CitiEscrow, DAA, SDA</title>
	  <link>/noam/onboarding/common-media/docs/banking/w9_citibusiness_cpb.docx</link>
	  <author>Cheyenne Lewis</author>
	  <description><![CDATA[<p>For all CitiEscrow, DAA (Deposit Administrator Account) and SDA (Security Deposit Account) sub-accounts opened <strong>online</strong>, a new Substitute W9 will be displayed on CitiBusiness Online this week. <a href="/noam/onboarding/common-media/docs/banking/W9_Citibusiness_Online.pdf" target="_blank">Attached</a> is a copy of the new version dated 8/2014(at the very bottom of the document). This version becomes effective on the release date – at this time targeted for December 5th.</p>
	  <p><a href="/noam/onboarding/common-media/docs/banking/w9_citibusiness_cpb.docx" target="_blank">Click here</a> for the full announcement.</p>

<p>For further information, please contact Cheyenne Lewis– NAM Banking and Cash Management Product Manager at 212-559-3678</p>]]></description>
	<teaser> asdfa</teaser>
	  <pubDate>12/03/2014</pubDate>
	  <category>Banking</category>
	  <category>Tax</category>
</item>

<item> 
	  <title>Account opening Application: Client relationship Agreement (CRA)</title>
	  <author>Louis Grilli</author>
	  <description><![CDATA[<p>Effective November 21, 20014, a new Client Relationship Agreement (CRA) application with a, version date of 11/14, will be available through OneSource and the Onboarding Portal.</p>

<p><strong>What’s New?</strong> The November 2014 (1/14) version contains the following changes:<br/>
<strong>1.</strong> Brokerage: Deletion of Additional Security Question which is no longer required<br/>
<strong>2.</strong> Brokerage: Added Alternate Mail Instructions required legal disclosure<br/>
<strong>3.</strong> Read before signing: Citi Private Bank Securities Backed Line of Credit heading and text
</p>

<p>There are no changes to the CitiFolio application at this time.</p>
<p>For the full announcement, please click <a href="https://www.privatebank.citigroup.net/marketing/noam/cpb_exchange/docs/AccountOpeningApplicationCRA.pdf" target="_blank">here</a></p>]]></description>
	<teaser> asdfa</teaser>
	  <pubDate>11/21/2014</pubDate>
	  <category>Brokerage</category>
</item>
<item> 
	  <title>Business Banking and Cash Management 2014 Fall Educational Series</title>
	  <author>Cheyenne Lewis</author>
	  <description><![CDATA[<p>October 14th through Dec 17th  the Banking and Cash Management Team will hold a weekly educational series on various Cash Management products, processes, and forms. The Series will start off with a total of four, hour long overview sessions of CitiBusiness Online. Followed by 30 minute sessions emphasizing product, processes and forms.</p>

<p>The attached schedule outlines when each session will be held and includes the WebEx link to add the series to your Outlook Calendar. For those of you in NYC, the sessions will be held on the 23rd Floor in the main conference room. 
</p>
	<a href="/noam/onboarding/common-media/docs/banking/2014_fall_ED_series.xlsx" target="_blank">Schedule</a></p>]]></description>
	<teaser> asdfa</teaser>
	  <pubDate>10/09/2014</pubDate>
	  <category>Banking</category>
</item>
<item> 
	  <title>MSBF Added to CRA Application</title>
	  <author>Stephen Prostor, Yael Michaeli</author>
	  <description><![CDATA[<p>We are excited to announce that effective with the upcoming OneSource release September 19, 2014, we have added the ability for your clients to elect an MSBF Securities Backed Line of Credit at the time of on-boarding, which will eliminate additional paperwork they need to complete should they choose to open a line in the future.  Please note, for the client to elect this option, they must complete the following in the CRA application (available on application version 9/14):</p>
	<p>For the full announcement, please <a href="https://www.privatebank.citigroup.net/investmentFinance/noam/marketable_securities.htm" target="_blank">click here.</a></p>]]></description>
	  <pubDate>09/11/2014</pubDate>
	  <category>MSBF</category>
</item>
<item> 
	  <title>Account Opening Applications:  Client Relationship Agreement (CRA) and CitiFolio</title>
	  <author>Jeannie Dubbels</author>
	  <description><![CDATA[<p>New Client Relationship Agreement (CRA) and CitiFolio applications, version date of 9/14, are available on OneSource September 19, 2014.</p>
	<p>For the full announcement, please <a href="https://www.privatebank.citigroup.net/marketing/noam/cpb_exchange/docs/09.10NewApplications.pdf" target="_blank">click here.</a></p>]]></description>
	  <pubDate>09/11/2014</pubDate>
	  <category>Banking</category>
</item>
<item> 
	  <title>Account Opening Application Kits:  Key Updates to Documents Impacting OneSource and Onboarding Portal</title>
	  <author>Jeannie Dubbels, NA Banking &amp; Cash Management</author>
	  <description><![CDATA[<p>New Client Relationship Agreement (CRA) and CitiFolio application kits are available.  Among the key updates:</p>
	  <p>TAX content for both CRA & CitiFolio applications:</p>
	  <div class="list-A3"><ul>
		<p>•	Inclusion of the latest version of the IRS Tax form W-8BEN for foreign individuals.</p>
		<p>•	Updated Tax Certification language advising on which forms should be used – e.g., based on foreign individuals vs. foreign entities.</p>
	  </ul></div>
	  <p>For the full announcement, please <a href="http://www.privatebank.citigroup.net/marketing/noam/cpb_exchange/docs/ApplicationsOtherUpdates080714.doc" target="_blank">click here.</a></p>]]></description>
	  <pubDate>08/07/2014</pubDate>
	  <category>Banking</category>
</item>
<item> 
	  <title>Account Opening Application Kits:  Latest Amendments to Insert Into Application Kits</title>
	  <author>Jeannie Dubbels, NA Banking &amp; Cash Management</author>
	  <description><![CDATA[<p>Effective immediately, be sure to include the latest amendments into all Client Relationship Agreement (CRA) / Integrated Kit and CitiFolio kits - prior to distribution.</p>
	  <p>For the full announcement, please <a href="http://www.privatebank.citigroup.net/marketing/noam/cpb_exchange/docs/CPBExchg080714.doc" target="_blank">click here.</p>]]></description>
	  <pubDate>08/07/2014</pubDate>
	  <category>Banking</category>
</item>
<item> 
	  <title>2014 Cash Management Services Pricing Updates</title>
	  <author>Cheyenne Lewis, Business Banking Product Manager</author>
	  <description><![CDATA[<p>This week, all existing business banking clients, will receive the annual mailing advising of possible fee changes to their business checking accounts and cash management services. This mailing included:</p>
		<div class="list-A3"><ul>
		<p>•	<a href="https://www.privatebank.citigroup.net/marketing/noam/cpb_exchange/docs/2014PricingMailerSample.pdf" target="_blank">Letter</a></p> 
		<p>•	<a href="https://www.privatebank.citigroup.net/marketing/noam/cpb_exchange/docs/2014ScheduleOfStandardFees.pdf" target="_blank">Schedule of Standard Fees</a></p> 
		<p>•	<a href="https://www.privatebank.citigroup.net/marketing/noam/cpb_exchange/docs/CashMgmt2014Schedule.pdf" target="_blank">Cash Management Schedule</a></p> 
		</ul></div>
	  <p>These changes only affect our clients that have an analyzed business checking account and/or have the below cash management services. This does not affect clients that have special pricing arrangements for these services.</p>
	  <p>These fee changes take into effect October 1st, 2014. Clients that open new business accounts Now through September 30th, must receive Dual Disclosures by giving them both the current 2013 and the new 2014 (October 1st) versions of our CitiBusiness Schedule of Standard Fees as well as all other required disclosures. Both the 2013 and the 2014 Schedule of Standard Fees are listed on the <a href="https://www.privatebank.citigroup.net/noam/onboarding/" target="_blank">On Boarding site</a>.</p>
	  <p>For the full announcement, please <a href="https://www.privatebank.citigroup.net/marketing/noam/cpb_exchange/docs/2014CashManagementServicesPricingUpdates.docx" target="_blank">click here</a>.</p>]]></description>
	  <pubDate>08/07/2014</pubDate>
	  <category>Banking</category>
</item>
<item> 
	  <title>Managed Account Opening Paperwork and Related Updates</title>
	  <author>Yael Michaeli, COO Office</author>
	  <description><![CDATA[<p>Please read below for updates related to Managed Account Opening paperwork as we look to streamline the number of options available to open any one individual product, and forward to your respective teams as applicable.  In the next few weeks, the following we are looking to make the following changes:</p>
		<p>•	Transition to new paperwork detailed <a href="https://www.privatebank.citigroup.net/marketing/noam/cpb_exchange/docs/ManagedAcctOpeningPaperwork.docx" target="_blank">here</a>; please share with your teams as appropriate to begin getting familiar with documents referenced in this message.  Please note key dates:</p>
		<div class="list-A3"><ul>
		<p>-	August 4: all old paperwork on the Onboarding Wizard will be removed and replaced with the appropriate documents;  you should begin using the new paperwork going forward.</p>
		<p>-	September 5: To allow for a transition period, old paperwork will no longer be accepted after September 5.</p>
		</ul></div>
		<p>•	Stay tuned for further communications in the next couple of weeks as these 2 related changes are rolled-out:</p>
		<div class="list-A3"><ul>
		<p>-	All account opening for Pershing managed accounts will go through the ISD desk – you should continue to submit requests to the Hub as you do today but please be sure you use the new CGMI required paperwork per details of this communication.</p>
		<p>-	Transaction requests for managed accounts will be submitted through WINS as they are for managed accounts on the Bank / C93 platform.</p>
		</ul></div>
		<p>For the full announcement, please <a href="https://www.privatebank.citigroup.net/marketing/noam/cpb_exchange/docs/ManagedAcctOpeningPaperwork.docx" target="_blank">click here.</a></p>]]></description>
	  <pubDate>07/31/2014</pubDate>
	  <category>Managed Account</category>
</item>
<item> 
	  <title>Credit Cards: Citi Prestige Card Benefits Changes</title>
	  <author>Jeannie Dubbels, NA Banking &amp; Cash Management</author>
	  <description><![CDATA[<p>Citi Prestige® Card will be introducing new benefits in October 2014. As noted in a prior communication (for refresher: <a href="https://www.privatebank.citigroup.net/banking/docs/Prestige_Update.doc" target="_blank">click here</a>), while Citi Prestige is already one of the best-in-class Citi Cards product, Citi Cards is constantly looking for opportunities to improve and deliver an enhanced experience.</p><p> To this end, Citi Cards will be communicating to cardmembers starting this week on the enhancements to the Citi Prestige card, which will go into effect this October. </p>
<p>For the full announcement, please <a href="https://www.privatebank.citigroup.net/marketing/noam/cpb_exchange/docs/CPBExchange073114_PrestigeChanges.doc" target="_blank">click here.</a></p>]]></description>
	  <pubDate>07/31/2014</pubDate>
	  <category>Banking</category>
</item>
<item> 
	  <title>Citi Tax Policy on Use of FATCA Revised IRS Tax Form W-8BEN and FAX/PDF Versions</title>
	  <author>CPB Tax Communications</author>
	  <description><![CDATA[<p>This is the latest installment of communications advising:</p>
	<div class="list-A3">
		<p>1. <i>The status of IRS Forms W-8 released earlier this year.</i>  The key points: which forms (and its respective revision dates) are to be used - based on whether it is for individuals or for entities.</p>
		<p>2. <i>FAX & PDF versions</i> of the IRS tax forms W-8 are now acceptable.</p>
		</div>
		<p>For more information, <a href="http://www.privatebank.citigroup.net/noam/onboarding/common-media/docs/banking/140722_Tax_Policy_Update_W8_9.msg" target="_blank">click here.</a></p>]]></description>
	  <pubDate>07/22/2014</pubDate>
	  <category>Banking</category>
</item>
<item> 
	  <title>PERSONAL CREDIT CARDS: Important Update Regarding the Removal of Benefits for the Citi Prestige Card</title>
	  <author>Jeannie Dubbels</author>
	  <description><![CDATA[<p>Several changes are being made to the Citi Prestige product features which will go into effect in October 2014.  As a result, banking teams are required to no longer promote certain benefits effective immediately. While clients will still be able to apply for the Prestige Card during the transition period leading up to October, it is critically important that banking teams immediately stop promoting certain benefits that will be removed. </p><p>For the full announcement, please <a href="http://www.privatebank.citigroup.net/marketing/noam/cpb_exchange/docs/prestigeCommunications.doc" target="_blank">click here.</a></p>]]></description>
	  <pubDate>07/17/2014</pubDate>
	  <category>Banking</category>
</item><item> 
	  <title>CPB Foreign Account Tax Compliance Act (FATCA) Intranet Site</title>
	  <author>CPB Global Communications</author>
	  <description><![CDATA[<p>As you are aware, the U.S. government's enhanced efforts against unreported foreign financial assets and income has prompted the enactment of the Foreign Account Tax Compliance Act (FATCA). FATCA has a phased implementation timeline over three years, with initial requirements becoming effective today, July 1, 2014.</p>
	  <p>Recognizing the sensitivity and importance of compliance with FATCA, we have developed an <a href="https://www.privatebank.citigroup.net/compliance/fatca.htm" target="_blank">intranet site</a> that serves as a central hub for all FATCA-specific information. This site includes client approved FAQs and cover letters, refresher training programs, quick reference guides, and regional contacts for any technical tax questions. We will continue to refresh this site with any updates as warranted.</p>]]></description>
	  <pubDate>07/03/2014</pubDate>
	  <category>Banking</category>
</item>
<item> 
	  <title>Tax Policy Update – IRS Tax Forms</title>
	  <author>CPB Systems Communication Center</author>
	  <description><![CDATA[<p>In anticipation of FATCA, the IRS released new Forms W-8earlier this year.  To date, the IRS has not released instructions to all new W-8 FATCA forms.  This correspondence serves to outline what versions of the IRS forms are currently acceptable until such time as all forms, instructions and final IRS guidance on the use of these new forms is released.</p>
	  <p>For the full announcement, please <a href="https://www.privatebank.citigroup.net/marketing/noam/cpb_exchange/docs/SystemsCommunication06182014.docx" target="_blank">click here</a>.</p>]]></description>
	  <pubDate>07/03/2014</pubDate>
	  <category>Banking</category>
</item>
<item> 
	  <title>Enhanced Custom Credit Line: New Maximum Line Now $50,000 </title>
	  <author>Jeannie Dubbels</author>
	  <description><![CDATA[<p>Effective May 12, 2104, the maximum line for the ENHANCED Custom Credit Line will be $50M, down from $100M. Enhanced Custom Credit Line is offered only to LFG partners and subject to credit approval.</p><p>-	When a mortgage application is accepted over the phone</p><p>For the full announcement, please click <a href="https://www.privatebank.citigroup.net/marketing/noam/cpb_exchange/docs/exchangeComm-043014.doc" target="_blank">here</a>.</p>]]></description>
	  <pubDate>05/01/2014</pubDate>
	  <category>Banking</category>
	  <category>Credit Cards</category>
</item>
<item> 
	  <title>SAFE Act Client Communication Requirement</title>
	  <author>Garcia Froome</author>
	  <description><![CDATA[<p>Please ensure that you adhere to the correct process for disclosing your Mortgage Loan Originator (MLO) numbers to mortgage applicants and prospective applicants.</p><p>Providing MLO Information to Clients, Applicants and Prospective Applicants.</p><p>The SAFE Act requires that communications regarding mortgage loan applications contain the Mortgage Loan Originator’s (MLO) number.  The MLO number must be provided to mortgage loan applicants and prospective applicants under the following circumstances:</p><p>-  Upon request by the applicant/prospective applicant</p><p>-	In the initial communication (oral or written) with a client regarding a specific mortgage loan request</p><p>-	When a mortgage application is accepted over the phone</p><p>For the full announcement, please click <a href="http://www.privatebank.citigroup.net/marketing/noam/cpb_exchange/docs/SAFEActClientCommunication.docx" target="_blank">here</a>.</p>]]></description>
	  <pubDate>04/10/2014</pubDate>
	  <category>Residential Real Estate</category>
</item>
<item> 
	  <title>Account Opening Application Kits:  Client Relationship Agreement (CRA) and CitiFolio </title>
	  <author>Jeannie Dubbels</author>
	  <description><![CDATA[<p>Effective immediately, be sure to include the latest amendments into all Client Relationship Agreement
(CRA) / Integrated Kit and CitiFolio kits - prior to distribution.</p><p>For the full announcement, please click <a href="https://www.privatebank.citigroup.net/marketing/noam/cpb_exchange/docs/TC_Comm_031914.doc" target="_blank">here.</a></p>]]></description>
	  <pubDate>03/20/2014</pubDate>
	  <category>Banking</category>
	  <category>CRA</category>
	  <category>Citifolio</category>
</item>
<item> 
	  <title>New Business Banking And Escrow Applications</title>
	  <author>Diane Geberth Hall</author>
	  <description><![CDATA[<p>We are pleased to announce a new and improved business banking application along with a new set of escrow applications. The primary motivation for these changes is to bring us in compliance with Citi Corporate Tax policy which no longer allows imbedded W9s/W8s in our applications. W9s/W8s are now separate documents which can be found in the Business Banking Application section under the CPB US Banking & Cash Management website or on the IRS website <a href="http://www.irs.gov/ " target="_blank">http://www.irs.gov/</a></p><p>A few things to note:</p><p>There will be a 1 month grace period for this transition – any outstanding applications can be received through March 31st.</p>
<p>-	All forms are writable.</p>
<p>-	Substitute W9s & W8s are no longer allowed.  </p>
<p>-	The update Applications and W9s/W8s can now be found <a href="https://www.privatebank.citigroup.net/banking/" target="_blank">here.</a></p>

<p>We are using the standard Commercial Business Banking Application</p>
<p>-	We do not have to use the  “Addendum A or B” mentioned in the Business Banking Application as we have our own CPB AAM ( Anticipated Activity Monitoring) form.</p>
<p>All Escrow/DAA/SDA Applications are Private Bank specific  </p>
<p>The DAA & SDA Application (now combined) has also been updated:</p>
<p>-	Please reach to the Cash Management Team for more information. </p>
<p>-	As a reminder your, Cash Management Specialist must pre-qualify a client for the DAA. </p>
<p>-	More information on SDA can be found <a href="https://www.privatebank.citigroup.net/banking/securityDepositAccts.htm" target="_blank">here</a>.</p>
<p>Please call Cheyenne Lewis at (212)-559-3678, <a href="mailto:Cheyenne.L.Lewis@citi.com">Cheyenne.L.Lewis@citi.com</a>, for more information.</p>]]></description>
	  <pubDate>03/06/2014</pubDate>
	  <category>Banking</category>
	  <category>Escrow</category>
</item>
<item> 
	  <title>Citi Forward&#174; for Students Card – SUNSET</title>
	  <author>Jeannie Dubbels</author>
	  <description><![CDATA[<p>Beginning in March 10, 2014, college students seeking a credit card can apply for the Citi ThankYou Preferred&#174; card. Citi Forward&#174; for Students (Domestic and International Students) will be sunset and is no longer available for acquisitions (i.e., new applications) through any channel.</p>
	<p>For the full announcement, please click <a href="https://www.privatebank.citigroup.net/marketing/noam/cpb_exchange/docs/CitiForwardComm_031014.doc" target="_blank">here.</a></p>]]></description>
	  <pubDate>03/06/2014</pubDate>
	  <category>Banking</category>
	  <category>Credit Cards</category>
</item>
<item> 
	  <title>NAM Onboarding Site</title>
	  <author>Peter Charrington</author>
	  <link>https://www.privatebank.citigroup.net/blog/?blogID=1225</link>
	  <description><![CDATA[<p>
In mid-September, I announced the formation of a small team to review our end-to-end on-boarding process.  The objective of the team was to understand the on-boarding experience for a typical client, whether in LFG, UHNW, HNW, or using our Investment, Brokerage, Trust platforms etc. and identify ways to improve the client experience. The on-boarding team concluded the study and presented its findings to Harsh Kumar, Mark Connally and me.</p> <p>For the full announcement, please <a href="https://www.privatebank.citigroup.net/blog/?blogID=1225" target="_blank">click here</a>.</p>]]></description>
	  <pubDate>01/16/2014</pubDate>
	  <category>Onboarding</category>
</item>
<!--<item> 
	  <title>Welcome to the new onboarding site</title>
	  <link>/onboarding/noam/whatsnew.htm</link>
	  <description>Welcome to the brand new onboarding site. The site is broken up into Prospecting a Client. Know Your Client and Account Opening. All forms and onboarding information specific to each product, client type and business area can be found in the product onboarding wizard. Be sure to check back soon for more updates</description>
	  <pubDate>04/01/2014 04:15PM</pubDate>
	  <category>Onboarding</category>
</item>-->
	</channel>
</rss>