<?xml version="1.0" ?> 
<rss version="2.0">
	<channel>

		<title>Onboarding - What's New?</title>
		<link>https://www.privatebank.citigroup.net/noam/onboarding/whatsnew.htm</link>
		<description>Subscribing to this will make it appear in your MS Outlook RSS feeds sections.</description>
		<image><url>/common-media/images/logos/citiPrivateBank.gif</url><link>
		https://www.privatebank.citigroup.net/noam/onboarding/</link></image>
		<webMaster>*CPB KC Intranet</webMaster>

<!-- Please place each item under here. -->



<item> 
	  <title>Banking and Custody Product Updates </title>
	  <link>/noam/onboarding/common-media/docs/banking/Latam_Weekly_Jan_15_2016.msg</link>
	  <author>Cheyenne Lewis</author>
	  <description><![CDATA[
<p>LATAM Banking & Custody Product Updates – Banking Product Rate Exception Site, Credit Cards Reminders, and New Applications</p>
<p><a href="/noam/onboarding/common-media/docs/banking/Latam_Weekly_Jan_15_2016.msg" target="_blank">Click here</a> to view.</p>
	]]></description>
	<teaser>asdfa</teaser>	
	  <pubDate>02/02/2016</pubDate>
	  <category>Banking</category>
</item>

	</channel>
</rss>