<rss version="2.0">
<form>
<title>KYC Documents</title>
<url>/noam/onboarding/products/hnw/HNW_Individual_CRF.htm</url>
<categories>
<category type="account">U-HNW</category>
<category type="business">Private Equity</category>
</categories>
</form>
<form>
<title>KYC Documents</title>
<url>/noam/onboarding/products/lfg/LFG_Individual_CRF_Retail.htm</url>
<categories>
<category type="account">U-HNW</category>
<category type="business">Banking</category>
</categories>
</form>
<form>
<title>KYC Documents</title>
<url>/noam/onboarding/products/lfg/LFG_Individual_CRF_NW5.htm</url>
<categories>
<category type="account">U-HNW</category>
<category type="business">Investments</category>
</categories>
</form>
<form>
<title>KYC Documents</title>
<url>/noam/onboarding/products/lfg/PSG_Individual_CRF_Retail.htm</url>
<categories>
<category type="account">U-HNW</category>
<category type="business">Sports Advisory</category>
</categories>
</form>
<form>
<title>KYC Documents</title>
<url>/noam/onboarding/products/lfg/PSG_Individual_CRF_NW3.htm</url>
<categories>
<category type="account">LFG Retail</category>
<category type="business">Private Equity</category>
</categories>
</form>
<form>
<title>KYC Documents</title>
<url>/noam/onboarding/products/hnw/HNW_Trust_CRF.htm</url>
<categories>
<category type="account">LFG Retail</category>
<category type="business">Banking</category>
</categories>
</form>
<form>
<title>KYC Documents</title>
<url>/noam/onboarding/products/lfg/LFG_Retail_Trust_CRF.htm</url>
<categories>
<category type="account">LFG Retail</category>
<category type="business">Investments</category>
</categories>
</form>
<form>
<title>KYC Documents</title>
<url>/noam/onboarding/products/lfg/LFG_PSG_NW35_Trust_CRF.htm</url>
<categories>
<category type="account">LFG Retail</category>
<category type="business">Sports Advisory</category>
</categories>
</form>
</rss>
