<rss version="2.0">
<form>
<title></title>
<url>/noam/investment_finance/products/Aircraft_Finance_Originating.htm</url>
<categories>
<category type="account">Aircraft</category>
<category type="business">Origination </category>
</categories>
</form>
<form>
<title></title>
<url>/noam/investment_finance/products/Aircraft_Finance_Underwriting.htm</url>
<categories>
<category type="account">Aircraft</category>
<category type="business">Underwriting </category>
</categories>
</form>
<form>
<title></title>
<url>/noam/investment_finance/products/Aircraft_Process_Procedures.htm</url>
<categories>
<category type="account">Aircraft</category>
<category type="business">Process and Procedures</category>
</categories>
</form>
<form>
<title></title>
<url>/noam/investment_finance/products/Aircraft_Finance_Marketing.htm</url>
<categories>
<category type="account">Aircraft</category>
<category type="business">Marketing Materials </category>
</categories>
</form>
<form>
<title></title>
<url>/noam/investment_finance/products/Aircraft_Legal_Documents.htm</url>
<categories>
<category type="account">Aircraft</category>
<category type="business">Loan Documents</category>
</categories>
</form>
<form>
<title></title>
<url>/noam/investment_finance/products/Aircraft_Annual_Review.htm</url>
<categories>
<category type="account">Aircraft</category>
<category type="business">Annual Reviews</category>
</categories>
</form>
<form>
<title></title>
<url>/noam/investment_finance/products/Art_Finance_Origination.htm</url>
<categories>
<category type="account">Art</category>
<category type="business">Origination </category>
</categories>
</form>
<form>
<title></title>
<url>/noam/investment_finance/products/Art_Finance_Underwriting.htm</url>
<categories>
<category type="account">Art</category>
<category type="business">Underwriting </category>
</categories>
</form>
<form>
<title></title>
<url>/noam/investment_finance/products/Process_Procedures.htm</url>
<categories>
<category type="account">Art</category>
<category type="business">Process and Procedures</category>
</categories>
</form>
<form>
<title></title>
<url>/noam/investment_finance/products/Art_Finance_Marketing.htm</url>
<categories>
<category type="account">Art</category>
<category type="business">Marketing Materials </category>
</categories>
</form>
<form>
<title></title>
<url>/noam/investment_finance/products/Art_Finance_Loan.htm</url>
<categories>
<category type="account">Art</category>
<category type="business">Loan Documents</category>
</categories>
</form>
<form>
<title></title>
<url>/noam/investment_finance/products/Art_Finance_Annual_Review.htm</url>
<categories>
<category type="account">Art</category>
<category type="business">Annual Reviews</category>
</categories>
</form>
<form>
<title></title>
<url>/noam/investment_finance/products/CRE_Originating.htm</url>
<categories>
<category type="account">CRE</category>
<category type="business">Origination </category>
</categories>
</form>
<form>
<title></title>
<url>/noam/investment_finance/products/CRE_Underwriting.htm</url>
<categories>
<category type="account">CRE</category>
<category type="business">Underwriting </category>
</categories>
</form>
<form>
<title></title>
<url>/noam/investment_finance/products/CRE_Process_Procedures.htm</url>
<categories>
<category type="account">CRE</category>
<category type="business">Process and Procedures</category>
</categories>
</form>
<form>
<title></title>
<url>/noam/investment_finance/products/CRE_Marketing.htm</url>
<categories>
<category type="account">CRE</category>
<category type="business">Marketing Materials </category>
</categories>
</form>
<form>
<title></title>
<url>/noam/investment_finance/products/CRE_Loan.htm</url>
<categories>
<category type="account">CRE</category>
<category type="business">Loan Documents</category>
</categories>
</form>
<form>
<title></title>
<url>/noam/investment_finance/products/CRE_Review.htm</url>
<categories>
<category type="account">CRE</category>
<category type="business">Annual Reviews</category>
</categories>
</form>
<form>
<title></title>
<url>/noam/investment_finance/products/Insurance_Originating.htm</url>
<categories>
<category type="account">Insurance</category>
<category type="business">Origination </category>
</categories>
</form>
<form>
<title></title>
<url>/noam/investment_finance/products/Insurance_Underwriting.htm</url>
<categories>
<category type="account">Insurance</category>
<category type="business">Underwriting </category>
</categories>
</form>
<form>
<title></title>
<url>/noam/investment_finance/products/Process_Procedures.htm</url>
<categories>
<category type="account">Insurance</category>
<category type="business">Process and Procedures</category>
</categories>
</form>
<form>
<title></title>
<url>/noam/investment_finance/products/Insurance_Marketing.htm</url>
<categories>
<category type="account">Insurance</category>
<category type="business">Marketing Materials </category>
</categories>
</form>
<form>
<title></title>
<url>/noam/investment_finance/products/Insurance_Loan.htm</url>
<categories>
<category type="account">Insurance</category>
<category type="business">Loan Documents</category>
</categories>
</form>
<form>
<title></title>
<url>/noam/investment_finance/products/Insurance_Review.htm</url>
<categories>
<category type="account">Insurance</category>
<category type="business">Annual Reviews</category>
</categories>
</form>
<form>
<title></title>
<url>/noam/investment_finance/products/Management_Company_Originating.htm</url>
<categories>
<category type="account">Management Company</category>
<category type="business">Origination </category>
</categories>
</form>
<form>
<title></title>
<url>/noam/investment_finance/products/Management_Company_Underwriting.htm</url>
<categories>
<category type="account">Management Company</category>
<category type="business">Underwriting </category>
</categories>
</form>
<form>
<title></title>
<url>/noam/investment_finance/products/Process_Procedures.htm</url>
<categories>
<category type="account">Management Company</category>
<category type="business">Process and Procedures</category>
</categories>
</form>
<form>
<title></title>
<url>/noam/investment_finance/products/P</url>
<categories>
<category type="account">Management Company</category>
<category type="business">Marketing Materials </category>
</categories>
</form>
<form>
<title></title>
<url>/noam/investment_finance/products/Management_Company_Loan.htm</url>
<categories>
<category type="account">Management Company</category>
<category type="business">Loan Documents</category>
</categories>
</form>
<form>
<title></title>
<url>/noam/investment_finance/products/Management_Company_Review.htm</url>
<categories>
<category type="account">Management Company</category>
<category type="business">Annual Reviews</category>
</categories>
</form>
<form>
<title></title>
<url>/noam/investment_finance/products/MSBF_Originating.htm</url>
<categories>
<category type="account">MSBF</category>
<category type="business">Origination </category>
</categories>
</form>
<form>
<title></title>
<url>/noam/investment_finance/products/MSBF_Underwriting.htm</url>
<categories>
<category type="account">MSBF</category>
<category type="business">Underwriting </category>
</categories>
</form>
<form>
<title></title>
<url>/noam/investment_finance/products/MSBF_Process_Procedures.htm</url>
<categories>
<category type="account">MSBF</category>
<category type="business">Process and Procedures</category>
</categories>
</form>
<form>
<title></title>
<url>/noam/investment_finance/products/MSBF_Marketing_Materials.htm</url>
<categories>
<category type="account">MSBF</category>
<category type="business">Marketing Materials </category>
</categories>
</form>
<form>
<title></title>
<url>/noam/investment_finance/products/MSBF_Loan.htm</url>
<categories>
<category type="account">MSBF</category>
<category type="business">Loan Documents</category>
</categories>
</form>
<form>
<title></title>
<url>/noam/investment_finance/products/MSBF_Review.htm</url>
<categories>
<category type="account">MSBF</category>
<category type="business">Annual Reviews</category>
</categories>
</form>
<form>
<title></title>
<url>/noam/investment_finance/products/Unsecured_Originating.htm</url>
<categories>
<category type="account">Unsecured</category>
<category type="business">Origination </category>
</categories>
</form>
<form>
<title></title>
<url>/noam/investment_finance/products/Unsecured_Underwriting.htm</url>
<categories>
<category type="account">Unsecured</category>
<category type="business">Underwriting </category>
</categories>
</form>
<form>
<title></title>
<url>/noam/investment_finance/products/Process_Procedures.htm</url>
<categories>
<category type="account">Unsecured</category>
<category type="business">Process and Procedures</category>
</categories>
</form>
<form>
<title></title>
<url>/noam/investment_finance/products/Unsecured_Marketing.htm</url>
<categories>
<category type="account">Unsecured</category>
<category type="business">Marketing Materials </category>
</categories>
</form>
<form>
<title></title>
<url>/noam/investment_finance/products/Unsecured_Loan.htm</url>
<categories>
<category type="account">Unsecured</category>
<category type="business">Loan Documents</category>
</categories>
</form>
<form>
<title></title>
<url>/noam/investment_finance/products/Unsecured_Review.htm</url>
<categories>
<category type="account">Unsecured</category>
<category type="business">Annual Reviews</category>
</categories>
</form>
<form>
<title></title>
<url>/noam/investment_finance/products/Program_Credit_Originating.htm</url>
<categories>
<category type="account">Program Credit</category>
<category type="business">Origination </category>
</categories>
</form>
<form>
<title></title>
<url>/noam/investment_finance/products/Program_Credit_Underwriting.htm</url>
<categories>
<category type="account">Program Credit</category>
<category type="business">Underwriting </category>
</categories>
</form>
<form>
<title></title>
<url>/noam/investment_finance/products/Process_Procedures.htm</url>
<categories>
<category type="account">Program Credit</category>
<category type="business">Process and Procedures</category>
</categories>
</form>
<form>
<title></title>
<url>/noam/investment_finance/products/Program_Credit_Marketing.htm</url>
<categories>
<category type="account">Program Credit</category>
<category type="business">Marketing Materials </category>
</categories>
</form>
<form>
<title></title>
<url>/noam/investment_finance/products/MSBF_Loan.htm</url>
<categories>
<category type="account">Program Credit</category>
<category type="business">Loan Documents</category>
</categories>
</form>
<form>
<title></title>
<url>/noam/investment_finance/products/Program_Credit_Review.htm</url>
<categories>
<category type="account">Program Credit</category>
<category type="business">Annual Reviews</category>
</categories>
</form>
<form>
<title></title>
<url>/noam/investment_finance/products/LFF_Originating.htm</url>
<categories>
<category type="account">Law Firm Financing</category>
<category type="business">Origination </category>
</categories>
</form>
<form>
<title></title>
<url>/noam/investment_finance/products/LFF_Underwriting.htm</url>
<categories>
<category type="account">Law Firm Financing</category>
<category type="business">Underwriting </category>
</categories>
</form>
<form>
<title></title>
<url>/noam/investment_finance/products/Process_Procedures.htm</url>
<categories>
<category type="account">Law Firm Financing</category>
<category type="business">Process and Procedures</category>
</categories>
</form>
<form>
<title></title>
<url>/noam/investment_finance/products/LFF_Marketing.htm</url>
<categories>
<category type="account">Law Firm Financing</category>
<category type="business">Marketing Materials </category>
</categories>
</form>
<form>
<title></title>
<url>/noam/investment_finance/products/LFF_Loan.htm</url>
<categories>
<category type="account">Law Firm Financing</category>
<category type="business">Loan Documents</category>
</categories>
</form>
<form>
<title></title>
<url>/noam/investment_finance/products/LFF_Review.htm</url>
<categories>
<category type="account">Law Firm Financing</category>
<category type="business">Annual Reviews</category>
</categories>
</form>
<form>
<title></title>
<url>/noam/investment_finance/products/LF_Originating.htm</url>
<categories>
<category type="account">Lawyer Financing</category>
<category type="business">Origination </category>
</categories>
</form>
<form>
<title></title>
<url>/noam/investment_finance/products/LF_Underwriting.htm</url>
<categories>
<category type="account">Lawyer Financing</category>
<category type="business">Underwriting </category>
</categories>
</form>
<form>
<title></title>
<url>/noam/investment_finance/products/Process_Procedures.htm</url>
<categories>
<category type="account">Lawyer Financing</category>
<category type="business">Process and Procedures</category>
</categories>
</form>
<form>
<title></title>
<url>/noam/investment_finance/products/LF_Marketing.htm</url>
<categories>
<category type="account">Lawyer Financing</category>
<category type="business">Marketing Materials </category>
</categories>
</form>
<form>
<title></title>
<url>/noam/investment_finance/products/LF_Loan.htm</url>
<categories>
<category type="account">Lawyer Financing</category>
<category type="business">Loan Documents</category>
</categories>
</form>
<form>
<title></title>
<url>/noam/investment_finance/products/LF_Review.htm</url>
<categories>
<category type="account">Lawyer Financing</category>
<category type="business">Annual Reviews</category>
</categories>
</form>
<form>
<title></title>
<url>/noam/investment_finance/products/Other_Secured_Originating.htm</url>
<categories>
<category type="account">Other Secured</category>
<category type="business">Origination </category>
</categories>
</form>
<form>
<title></title>
<url>/noam/investment_finance/products/Other_Secured_Underwriting.htm</url>
<categories>
<category type="account">Other Secured</category>
<category type="business">Underwriting </category>
</categories>
</form>
<form>
<title></title>
<url>/noam/investment_finance/products/Process_Procedures.htm</url>
<categories>
<category type="account">Other Secured</category>
<category type="business">Process and Procedures</category>
</categories>
</form>
<form>
<title></title>
<url>/noam/investment_finance/products/Other_Secured_Marketing.htm</url>
<categories>
<category type="account">Other Secured</category>
<category type="business">Marketing Materials </category>
</categories>
</form>
<form>
<title></title>
<url>/noam/investment_finance/products/Other_Secured_Loan.htm</url>
<categories>
<category type="account">Other Secured</category>
<category type="business">Loan Documents</category>
</categories>
</form>
<form>
<title></title>
<url>/noam/investment_finance/products/Other_Secured_Review.htm</url>
<categories>
<category type="account">Other Secured</category>
<category type="business">Annual Reviews</category>
</categories>
</form>
</rss>
